 -794.233067,-687.608825,-304.642667,235.575069,-506.064186,-290.843196,-348.568137,-126.429849,-17.225685,71.338633,-295.429761,-402.864591,-315.470435,257.394821,-0.146357,150.427269,207.974015,-42.776372,244.134420,-217.211800,338.725350,-340.229617,458.191402,-176.355126,95.242653,-192.030229,88.498450,-335.752745,256.990360,-211.120803,8.247869,-30.412638,-43.117165,237.006431,415.938213,287.892882,164.546990,-348.382205,-55.933454,-114.052773
 -292.513081,191.638414,-829.207410,-546.509594,-515.325383,-147.527485,-431.503165,-275.543532,73.940943,-102.241255,-167.391236,-245.406727,-288.273867,125.876643,-44.657996,229.091306,107.744031,64.971973,163.645399,-220.035599,506.286873,-489.663101,742.794956,-140.153537,-50.535840,-170.084523,-50.032182,-481.253324,288.323843,-295.564942,-120.975790,128.106179,-37.594234,363.819545,356.788725,157.963839,280.113202,-230.776583,303.968257,230.441364
 -487.441515,-158.308816,-385.488557,-169.320991,-597.224152,-178.894121,-428.176157,-322.486053,-181.300833,-301.716289,-133.487291,-313.757429,-362.959830,187.896005,60.943857,173.429614,222.116334,52.178520,216.573727,-272.864863,361.817078,-289.167323,424.534439,-193.862842,81.242615,-178.640150,81.891059,-281.272178,229.637637,-255.559213,-139.996644,122.626710,-22.979553,158.927682,393.327402,184.298882,279.747081,-204.860313,341.616102,230.819355
 -485.616567,-136.417591,-392.661041,-82.971180,-798.963424,-135.152686,-511.203941,-488.739179,-40.836261,-431.057737,-74.600155,-334.747521,-228.125196,122.923227,31.550789,343.774100,194.386456,223.646256,94.734150,-316.306675,565.151551,-432.547280,694.452716,-180.061932,-48.035247,-144.068651,-42.573471,-438.770303,202.835812,-359.895568,-258.866254,214.302580,-163.173807,310.592038,463.143562,229.426677,352.120604,-260.370016,414.005965,272.851402
 -451.118335,-123.798013,-396.644662,-25.204975,-650.070031,-204.988075,-534.003252,-536.696403,-132.809876,-330.163007,-113.927864,-239.217824,-286.729066,84.573829,150.194393,8.016305,277.760958,106.884822,151.822028,-296.374073,340.766674,-164.021442,474.747992,-178.206323,87.524337,-134.921049,13.182407,-309.186896,107.126267,-197.763476,-63.031585,46.825300,15.945746,96.596323,332.814046,193.128470,234.376673,-89.201774,411.310278,253.563805
 -243.3377288998624124,-91.8705823760772091,-509.2593433159606207,103.9541395830569570,-725.8746342009982300,-343.4512073720103444,-595.7919868450035210,-696.9800203496550921,-189.9934966866819366,-524.7478986939395327,-223.2584827644757297,-157.1876793463159743,-380.5377946554167465,7.3633950698119293,319.8272853120133732,-180.4362766498956887,356.5414180057529165,176.4593638201263843,115.3078390743597765,-474.1300849931757284,330.2308752995921282,87.4392927482260944,588.0290564507200770,-267.4231045165436171,287.7252867935349627,-28.3322082890519624,-43.7838502249799006,-477.4334643773362927,-149.9151348749402075,-250.1049855642094712,-283.8445448760750196,40.8210281914395523,39.6746614552427346,156.4287801758201795,181.9281232903051091,298.8137402312086692,366.4503743398453253,20.9949274056151047,681.9094815827045295,369.2122650220580340
 -241.8624703480625442,-328.5371640539113969,-531.5343319538575315,-84.6413434420691715,-841.8961962819479368,-333.8298668197771804,-593.6064244919858766,-603.1972029119471017,-209.4801046384625351,-509.5732901150576595,-313.8554489708418487,-220.2244886630244594,-297.9435076034779399,-26.7694630256437307,94.2440780436119070,103.3114008037887004,157.4142001701882521,115.6989078036639000,81.7229037319147267,-370.2009942457494276,686.1650429220271690,-295.4752401751436537,560.8343012822786022,-357.0951022017366654,281.3453819692676348,122.4520249451301765,104.1073394381577657,-278.4501092065339662,-15.7462877468934614,-299.5814389270018410,-262.0596483058017725,41.3515422918380509,7.6652760657618515,361.2663871130818620,91.1571732990500010,169.4313146232187250,368.4358705393359514,-46.1871245067639435,615.9449431028637036,341.0317792550827107
 -254.7656738789344217,-405.2663495941181395,-537.3469956597846249,-56.2517515365286158,-822.4739730781365097,-362.4150600472727319,-708.6415437322808657,-669.2704979511842112,-224.1929621500665633,-534.3679009344705264,-318.0265874591427178,-229.1660825084426278,-434.5253865391171075,-10.9837504364654546,100.0680075123252948,44.0694013628155403,227.9150835056537119,52.0989004278100083,130.6403918636042931,-391.4365222218935401,619.2823111543126515,-351.0148716748956303,672.5223737039926846,-210.1454359908057654,320.5844361782993133,135.2113772160706162,143.3299572062626055,-166.3287886617643210,-2.3952297358526309,-323.1478585250296192,-367.1185612305912400,-5.9922198665003998,-50.9631393993045378,323.7419285306899610,95.9818070410278210,276.8721984055018766,326.9047440064715602,-70.2692818485649582,591.8422129899839774,301.3190231883511387
 -235.4291544743282429,-299.4088072626436769,-561.4667234690509758,-55.4984780344907875,-857.5863236928822744,-366.4739214744475362,-680.1721589561230985,-646.1477476186704507,-238.8085268655958089,-582.6639204321313628,-286.3125747136768382,-268.3975171555563861,-346.1599915957622784,-74.1343903373189619,77.5995409834496996,27.3013776718054899,169.2471942625606118,27.9582559356589186,152.1675929755519974,-459.9865764201905449,518.7972028718148749,-464.8341108593524496,667.6208278715563438,-100.1369472160155283,307.0452837985527594,148.0769385562479954,101.4908471516982331,-233.2555167437247121,9.4796735272497568,-258.0313563561272758,-299.1007225257926621,23.1824700707894138,-104.0934486234648517,331.8959576253316754,127.9545883733106422,360.0546303401443424,274.1241730119701856,-46.9012904880256798,570.6998977550045993,275.0581222999626334
 -263.4927037204258795,-325.8754973020361376,-575.3170153397209106,-77.2000923909944845,-856.0457222388347418,-349.4101545605848287,-694.8388553426825638,-689.2774865145997865,-244.7139384786227652,-578.3475841943939031,-277.1609291679858984,-354.2357744536345194,-420.7044260955300388,-59.9598320772413018,62.0237549085009903,38.7022246635891918,168.2834579396272829,32.4423773566622629,123.5711004593429720,-437.5153529584571857,581.6533294305613708,-396.6165785055071638,653.0843913740095559,-185.9482629211881033,323.1941500863268288,151.6165865002273847,95.6367737908857549,-197.1510565877627243,-5.7212993972415465,-260.4818744674173558,-331.6209840969180505,40.1666319514963064,-51.5376785500648680,374.5106861389063511,57.8346931743375592,341.6491510278362966,303.9235918787389892,-40.0011036709016281,579.3945590207389387,273.6958898922728736
 -262.4143329165543150,-332.5743088639046618,-601.4798017249720488,-87.3101726745893245,-829.1601532722000911,-370.4742274430652742,-730.5925235078763080,-685.7898494942622847,-277.0940407991320171,-611.3686302958305987,-204.3399343657540328,-486.8616766755536673,-456.4060921861967586,-108.0879426862937862,-25.7839288401456947,16.3136896740330855,109.6521585623874131,22.7074294834728505,119.7116738047621425,-446.6836555431960960,519.8060975620165891,-419.8687772832742553,623.9486430294066395,-121.2835482097779902,286.2381829027872868,146.6790133862800758,71.3406007390012746,-198.0790948146093342,-28.0732310307112982,-227.6108660473793748,-356.3046348365223253,81.3665450542652593,-58.3836800105289484,393.7677596880149622,109.4164050625146842,395.7100855120276037,269.3333067694968577,-18.9716988358134415,587.1091586428066194,294.7426036771861391
 -243.9290758528962897,-405.2869487708625797,-508.8691185754107664,-150.5907220156479980,-832.5392888877180440,-370.8760650731998112,-743.9964498606162806,-735.2994628662260084,-296.8846282293134777,-704.8395699097611669,-235.2307352478145503,-553.8431811920222572,-491.9292531674160500,-196.6871676471498631,-134.8929770151446519,-32.9954419060145980,37.3234038582391392,11.5782189605618662,99.2878857195054110,-437.5996424683183363,431.9091353644840865,-399.7897636802892407,556.3402019278873922,-58.4255989942742247,276.1115992622218300,177.9817520937771747,-19.7787858471220837,-153.8458821293293113,-98.7445289168697542,-163.1126400966061567,-374.8011476408228759,186.8392224317336172,-77.5768171099344812,445.2062038407157161,92.5336967074919698,409.0317282197218560,255.3612623724697528,3.0520704534867438,559.5397696301469068,271.3883080702710231
 -239.3757556873309227,-531.2706991226773425,-496.2375446207846039,-212.6352129190253208,-814.3354314379615744,-398.3174466702976702,-763.3652726307836929,-785.2319540370758659,-326.5345483733638616,-759.1417803876270227,-221.0404371335218343,-575.1628593100209628,-549.9350659199207030,-244.4933901519810320,-225.6738119061517978,-75.9117824120271223,-36.0478186213366882,19.2246505764238051,62.1508165350315167,-425.7798366401189014,388.0425462441237983,-375.9308447834843037,506.8389713486806727,-40.3957154300399921,214.7546060166622226,196.1439235772094491,-56.3524935687344311,-109.3567817734826235,-163.8837000874023033,-97.8348051551783016,-420.5531330843441538,260.6919514008873193,-66.7033022158617825,500.7589931942574140,87.4301177612069722,466.6766052316795026,169.1080894033071047,27.0223179682890340,542.8362795609675686,266.5738677787125539
 -261.9793601588851857,-462.0382949261245926,-570.5800539317525590,-199.6897217162811842,-845.6866268768907275,-436.5226761713507244,-756.2820026300369136,-792.8998258778342461,-315.0221801743274455,-722.4924145348453521,-235.2195224592107081,-559.3193612183955565,-535.6039514724761830,-236.0517253290170743,-226.3082558633487906,-56.3772176229038209,-27.6333510438259609,23.8538863196954978,67.2949518449321147,-417.5606401253676836,365.7599977519544723,-390.5792353548136475,504.2340591989043332,-32.7445361450360863,226.6808009962397819,199.1443548972981716,-69.1464128338431010,-106.2442573869991094,-163.7420790683594589,-87.6671580191581512,-416.8026475012171090,274.6131678677043055,-94.8370554897379350,509.9899414370271415,83.5687625992430583,481.7182871406286608,169.0276148493541086,35.5249435122545805,516.6836518200633463,256.9523771473292300
 -297.8346537273755530,-400.6016065947300717,-646.1053609498197829,-206.3931855713879600,-870.9466100437581417,-492.6299189818428204,-725.5138575654827946,-814.8790489145063702,-304.3425733346584252,-692.5115015465327133,-244.7784956259747275,-530.0766194967230831,-580.6813656942005082,-225.8619186724539531,-233.1048719158650613,-25.4608972245633858,-65.4767629032879626,44.4919573426436443,21.8088422203484207,-400.2964123676235886,348.4566276656561854,-365.5318173428073578,485.8725205086638539,-37.3081040109947324,202.0459314542544291,217.0335297720742176,-79.8548019604447035,-78.8373895984702813,-180.6818096034665473,-63.4233057227166199,-432.2112590427780674,291.5015029019870099,-84.6369457001593446,536.8494929295023894,72.0359289799455809,502.1406560372888634,142.6106579167547750,48.5147397077974958,513.5493287641468214,272.8273459455476200
 -309.1528731738652027,-405.5781962322559480,-684.3630358766931749,-232.4842497811885096,-880.9923705837920807,-554.2895647870402627,-691.1738149674544047,-850.8476831237979923,-272.3454764332070681,-649.9816162871461529,-267.5012592389730912,-488.2052418188386014,-626.9474792292992333,-227.6471169785750135,-287.5772518412809404,20.3724182106514462,-123.4628628906001779,89.4683491936866488,-20.2758295647037095,-365.4009904315207109,292.1167252627946027,-328.7820560914711336,428.9923416313775988,19.7307776218988664,156.6056937303326606,252.8293710303374837,-150.0448572502209004,-51.7671743283950150,-248.9399556580084152,-26.9230951845250281,-455.2997272208451136,362.0171483046113963,-91.8679102581313600,568.5218903951349603,70.4693571737259390,508.2510514132538333,117.9363006632193276,73.0115591937391173,505.4157052775262287,289.5046881652124284
 -345.4868711187365875,-333.2076771594750539,-702.7186836489266852,-256.7425808821203645,-865.1522236218737589,-586.2458265405756492,-642.0165752971186066,-874.5900931649633776,-265.5170270321013959,-665.1506867833630849,-239.8794840248141895,-487.5917497283884927,-660.6344463146400585,-283.1113999303983633,-444.5799861004339846,-16.4199414716155552,-226.1046063666719306,121.7016154174726665,-45.8245799634868263,-302.8257468219708812,208.6634697438966271,-272.6046595578521874,340.8088062184826299,117.1490209416752748,104.3396144082954748,326.0900250237431806,-230.2407754151471977,27.4158605909566617,-325.8174349425246987,90.7337384563556384,-507.3853156249498397,485.6984911122177664,-121.6439891617696105,637.0923021787150446,39.9136378325859056,592.1486406358482100,17.7128587456959679,126.9931154755631297,399.4707674288849830,239.9725101904793974
 -335.5440731232991425,-374.2146092180595360,-743.2844181695448924,-297.5364958814886336,-858.4667650429005334,-629.8721564583732970,-614.5467823632525324,-904.0937236153665708,-260.9304491825308219,-641.4425214913790114,-253.4412584898369118,-452.6313502401180813,-683.7892884556001718,-298.9771307248561811,-505.4467784663581256,-30.1748970424942655,-290.4547393898440077,150.1413419170710881,-75.7501931853061592,-252.2130956874796368,138.8062278890890298,-222.5287987258868156,278.7484701470013988,178.5853841749257924,47.6227320736246256,374.3474675983115389,-288.0472128504367788,109.0157962960890785,-397.2588433724762353,169.0219798823457040,-538.9527914079019411,582.2419053730670839,-127.7114398115502780,707.1764215687346677,8.1205450191633819,620.5815774555093185,-64.9605258470693485,172.1373324079820293,366.1788887977924674,276.2174810894046573
 -340.3908405435203690,-379.5427899067747717,-741.6783758754761493,-326.8155221469033904,-851.3918064536070460,-691.4714853700119193,-570.1325458941745410,-928.4411905000781644,-252.3268466674927879,-642.7150801312191106,-282.9361108439420036,-441.0661848220453294,-726.0264524579746421,-353.6356497883912766,-600.1470620257440487,-48.8262629072571741,-396.7442419896541423,165.0117547180405779,-130.1692835151973497,-190.4879067596540665,77.9508025403005860,-155.1687043907724615,190.5884230042374838,266.5491316958828634,5.7908699266203385,439.1764336558234163,-360.7187800379517171,187.7956912934754428,-479.4301729786528199,300.3432900391759972,-566.4705549746084898,698.9761491483831151,-158.1317623971833086,785.6664108516137048,-13.9819113623130118,705.0418249725273654,-105.7788249017667823,256.3106666225655772,318.4744103539132993,323.5995627554138423
 -354.3375112204680590,-373.0141754627149453,-768.8489383957370364,-355.0523340564302543,-838.2398869181026839,-701.6546696656828317,-551.3238064755774985,-934.9638626424770109,-243.4496154912260693,-634.5191750356329976,-270.4643676944295976,-423.2604621394604010,-723.1714136544612757,-361.8205366156431069,-641.1037487454527763,-92.5722236356444057,-437.7369034875249554,171.4532878204963424,-143.0276144958310169,-163.1858457498542805,33.1379084164040876,-131.1296947664127970,140.3672734597023464,310.0023258725796609,-32.4920136014599237,461.7859460187434593,-403.1933331629367672,239.3562651576832536,-530.0033920507368066,377.2047435416058647,-577.6623255486950939,770.1932906469241971,-156.6298783471106333,832.4769811319896462,-32.4209034158466665,743.3882729491540431,-136.7970577271315449,303.3299828877907203,302.6667559928083620,361.8097810213733965
 -356.3471069599291923,-354.6718301541660026,-752.2117805109209030,-343.0609831625507127,-833.5563679669953672,-699.2030332887209170,-543.5798328869967690,-929.8711840886419395,-245.2029916714876947,-637.1266940941515031,-267.4068376198092096,-420.1323996260650233,-723.7705337144718669,-360.9212928551247046,-634.2867269630147575,-88.3828691124045633,-430.7943711515929976,170.9351658858040253,-137.4667019436790270,-168.2599985632151345,38.6029654769361201,-136.8221230303863649,152.4110162913645468,301.8583702224185572,-19.0424719093222912,457.7750125854122984,-393.6529252872139182,230.6156321910719669,-521.6732978622238761,366.3472872236924331,-566.7108114925630389,760.9034906637780296,-152.2604432416486873,823.2162813184229435,-20.2843602546866819,731.2574452764065427,-130.5398843473208785,293.9905098645832595,304.2866669905945400,351.3098697891440452
 -346.6391931934613808,-365.5381856998562284,-753.1859065828425628,-347.4983657289278653,-830.4659809838792626,-701.7056298072039908,-538.3203716895911839,-931.4211964779653954,-238.6751021700482056,-626.1095245239415590,-269.8473279749239850,-416.6272617001079652,-724.7236413831869868,-362.0421022342256379,-637.2290757331138593,-83.9088777998368442,-436.0397866120531489,172.3830532871991181,-145.0522161693733949,-161.9534481875017491,36.8453683852712430,-132.3827664117592917,150.3646298578561584,305.5773214729288725,-19.6153331387376575,463.7960341112905098,-395.3364697497758016,235.7723434703255805,-519.7975015195545438,373.4121614522207437,-563.8880028999682281,765.6180950497996491,-145.8151058996463121,825.1861955327013902,-17.7998473155440493,737.6376038907783368,-129.5447781755700305,298.1834578221408378,305.3341736354208820,347.6533482773431842
 -349.7360561567438140,-346.8079353033105576,-747.3218346343642224,-345.9961265759430376,-814.4191073499213189,-704.2434931829063771,-518.5753846484275300,-921.8020132409337748,-228.7966187441319335,-619.9389199147852878,-258.5581184455228367,-406.9408140263908535,-714.4182380625146607,-358.4860790919793772,-635.0176091336436457,-83.7563297021131916,-429.9395633138124140,178.4265291828220938,-135.3024153302477544,-161.6014127227707320,35.5171056077417830,-132.0005481151115987,152.8514372619437154,308.0901066025077171,-11.2138865634977858,462.6076859619892048,-390.9995373975182247,247.0124164315354562,-515.9551701566598467,389.7127290673016091,-547.4319929156886246,784.7423651649756948,-129.2924391629463514,831.7933437131489427,-2.3822866209575757,730.1538753585390396,-129.9227488738356442,299.7857047241505484,310.8340349306021722,344.5427069780799911
 -341.7073167075550941,-331.8547340355182200,-739.5836244565568904,-352.7121653493856002,-786.6164573853554884,-710.6624330170271833,-480.4711470900251129,-916.9870136095815951,-205.2571554804025311,-593.0089450055622819,-242.5383826540561643,-392.7429400652148388,-701.5866093570050452,-359.7172326154382631,-628.1678056533199879,-74.0720312375717214,-425.9545103004700763,186.2558807635699054,-128.7595402710093424,-145.4766263883420834,44.2989899577354365,-118.7838185155037394,165.4800850570059652,323.6868016828557870,11.5503980323308539,475.9705715022830645,-378.6235055126213069,264.0456568325644184,-500.9663290912836260,425.8752026487083526,-512.7115638685633030,811.7187377187140100,-87.3021321659567775,837.5880011070075852,34.2182322708311233,745.9271763186242197,-114.0921872330921900,313.5873917258976462,318.7586316160140996,325.5501270552742312
 -331.3263263863810266,-339.7254058602454734,-735.1035598689119297,-361.9937192699139814,-771.8623196080194475,-725.1269612147029875,-466.6360163754182508,-917.2848137891548959,-194.1057344637547999,-583.7886821592436490,-240.0950763741386993,-388.0541776937768077,-690.8552667514460381,-353.9682438443969659,-618.8759771437228210,-63.1792590356891495,-415.5545026156827930,195.1887554629737735,-118.8576229905425379,-136.6530715974075463,50.7864295072484566,-109.3637538923750441,173.9438218175282316,331.1246379816342937,22.6218363026051534,485.2786418265465613,-368.6208449617046767,283.2477240105860119,-491.1469622425089483,443.8505595444871119,-490.8281255566911341,834.9079475072460355,-69.4046093806341844,851.5397039219659518,48.2940654473029269,744.5387532211549342,-110.8145502064457872,322.8734135514297918,329.0787511451850378,330.6381618012560466
 -340.0290532097450864,-327.9951685839964171,-733.8246583246188948,-360.6389299900218361,-767.3869189737084753,-724.1383634026432219,-458.5280409525310006,-914.8516168657165508,-187.5680562544436896,-585.2401868431793446,-231.9041198868177958,-389.5358236827229916,-684.1910812749554225,-354.4228474619525286,-611.6146924338248709,-66.7696642976680437,-412.2439603052430925,193.5700615588343112,-112.7111855632832516,-135.3368421596071869,59.2580695961216435,-106.1758637944345338,175.1688722607821092,335.8333432687854838,26.3977646295977522,486.5065848228054506,-363.8452133641591217,290.4257944579568971,-485.9672883540844168,455.0473001329853560,-482.6787209773162317,842.4740436876774083,-61.8668005919203949,855.3684451394442476,55.7121761025090123,751.1986299556151607,-107.9312334332819177,328.3991194475121347,328.0791371985088745,330.5609073671195688
 -335.9737403389664223,-330.7908654601091030,-734.4686852201552938,-361.3394253371237141,-768.3932906272017362,-722.8831894458829765,-460.3201985970286501,-915.6825674886126762,-188.6611274747549203,-586.2450256985589476,-231.8512047239974265,-388.4570914712729746,-684.1353680318769648,-353.4674667110695054,-613.4888595725058167,-66.8881623724512195,-411.7279694048193051,195.2389123698173421,-111.8319553942428115,-134.3727212767221033,57.5662955770091429,-106.3634367378959240,174.9417943228950492,336.9925410696148447,25.9709489955445534,486.4054572171092445,-364.2743789972279274,287.9347352247074809,-486.2257098207180093,454.0079544220277512,-484.8523891118990718,839.7883294713352598,-63.6834744543490814,853.9297997478500974,55.2088366373770754,752.3066329104533452,-107.7052334877407276,328.0206710123921994,327.4980728416942952,329.4680348918692516
 -333.5732757999880391,-331.5493887745947745,-730.6751189908170545,-358.6255288478241141,-767.8213800583150714,-721.4030959529351321,-460.1780980761916453,-915.7343173590229526,-187.2327339318836152,-587.0686990089541268,-230.7650690684430401,-388.9680723294429754,-682.8356650111227282,-353.5555495236910133,-611.0154246706575805,-67.0574107348392516,-411.1461251186494223,194.8384983133998105,-111.0530841633955816,-132.8765656535561561,60.2874857286917560,-104.2692931203146998,176.1009640343046669,338.4220062288665645,26.9099596303398556,488.4650308720192697,-363.1491963893240040,289.3041000676710723,-485.5769911062828896,453.6056568369842807,-484.7608213916556679,840.9185913388768085,-62.9270793876102488,854.9785971705855445,55.3784571321423940,752.2726970084447657,-107.6731542108450128,328.4969919506774545,327.7429948970336682,330.5631929230370929
 -330.2262001343086126,-331.4494947829011267,-727.9450734526508313,-356.9163650211020240,-766.7611181100376143,-718.1077573971155061,-460.4196650824338803,-914.6300475802180472,-185.5054778954301469,-589.2313848046625253,-227.2966273178670065,-388.5051392366764844,-679.4722512320870464,-351.7929379023408387,-608.2316315763991952,-67.9370557939758726,-407.8923376088228565,196.1212610827287222,-106.9136078901657214,-131.8648418467681154,63.2977209277181530,-102.6274205372203312,177.4875116120535381,341.0679403764819995,27.5130114517008622,489.5730567776382145,-361.5461464482248743,289.4616054579611273,-484.9444232180707672,454.8674849499201400,-484.4909024804040314,841.9017844566795929,-62.8420784667905679,856.2649025415305459,55.7836162617126021,753.9536583742366247,-107.4137199456840932,329.7065052475291509,327.5674450150401640,331.3194432973673429
 -328.9137460115759382,-332.0639882818616684,-726.4222569088803994,-355.7027307142313930,-766.6256309811624305,-717.7025033748036549,-460.1741199743336779,-914.6537532348402237,-184.8797430314781423,-588.8252547636379859,-227.0638698528692032,-388.5368195539760450,-678.9957176019574945,-351.6725771625995094,-606.9099236505544468,-66.8540819586228139,-407.3461011736668524,196.3048402365322147,-106.3387503827691205,-130.8834408217238661,64.6260095919461719,-101.4358627891436981,178.2394883394251224,342.1017425929427986,28.2691006275805741,490.7491034706550863,-360.7491923038554660,289.6934887596989938,-484.0334362347742854,454.5284127252425037,-484.3233875295585449,841.3827810737826667,-62.4699884333256676,856.6406553614330051,56.2811598644675328,754.5810705771726816,-106.9726815905058857,329.9883101323280812,327.7234263424947471,331.3228835572942899
 -329.8477606886916647,-331.4769482080537273,-727.3204062388077773,-356.2736200413691563,-766.5324793707450226,-717.8992278430666829,-459.9577025942879231,-914.3419180289425867,-185.0645629973736277,-588.1880948928734369,-227.2665419088868362,-388.4110243610992370,-679.1126827753279258,-351.4199401897615189,-607.0997574184328869,-66.3387103316180031,-407.2831774782249568,196.4378047033971768,-106.4410953823703068,-131.2415413850493451,64.5534289344108743,-101.7946616242782909,178.6506893058197250,341.6077454240238467,28.4791031835645221,490.6372945453136367,-360.7008877038278456,289.8144025213572377,-483.9602200471688889,454.1011830627228960,-484.1532996459180254,841.6420169429040925,-62.3043874101294932,856.6526682103952908,56.3515102773101617,753.8679141384271816,-106.9906183610433743,329.7252940142398643,328.0697345199384358,331.5345815160369511
 -330.9971783027751258,-330.2742363061531705,-728.1055226082786476,-356.3869983924944336,-766.0663206229256730,-718.3831844882861333,-459.4682805874548990,-913.5831390872924658,-185.0583153399818457,-586.9466645819425139,-227.4381012688194517,-387.7657185236308806,-679.1482692690931344,-350.4864330226845937,-606.6076961773749190,-64.8637770156866083,-406.4550451599210987,197.0915823143805881,-106.1711694948095612,-131.3374447359768453,64.9562505149785494,-102.1172096276945638,179.4697721644361081,341.3261272431891484,29.1325628870036688,490.4007703810176508,-360.0338085430895489,289.3935181592081562,-483.0842112244066016,453.9715858634233996,-483.5536867355220920,841.1399905032270681,-61.7207452457131964,856.2926727124956869,57.0625364263104018,754.2535737814816912,-106.1840865191957164,329.6779697144739316,328.2274363161590145,331.0196879333709035
 -330.5882725255981995,-330.5863188413751459,-727.8670876229542728,-356.2869288241130903,-766.2031504643578046,-718.1604566625758252,-459.4923146144992074,-913.7816700022804071,-184.9917829950464068,-586.9612191599541120,-227.4186561724800697,-387.9450556877905001,-679.1851848913532876,-350.7617725910563991,-606.5950396937219011,-64.9275532423710615,-406.5938759908312363,196.8810990744935339,-106.2665374459154890,-131.3093075596844130,64.9509406085469294,-101.9362294053569968,179.3732998223903792,341.2609915714783710,29.1240041950525175,490.5045793941883971,-360.0379143797721326,289.6668774755990512,-483.0820994715256802,453.8823528338870119,-483.5034653645491858,841.3719180894880765,-61.7209321376073063,856.4463743601164651,57.0253867467673459,753.9368523714381354,-106.3555586529880514,329.6603336200705030,328.3762623234466673,331.1938756260931314
 -330.0853845363503183,-330.6683321720665845,-727.4444295692128435,-355.8902756464538584,-766.1043395801464158,-717.8700247385937701,-459.5655635596655202,-913.6852320996406434,-184.8474341433297354,-587.1290368067756162,-227.1849740919454064,-387.8413411651723095,-678.8442730413652271,-350.4918207699503796,-606.3396654632429090,-65.0471904547416955,-406.2910273348334727,197.0887704893117416,-106.0036241447261887,-131.2048169203792725,65.1466385383496629,-101.9617390288558880,179.6783037659699005,341.3867104726070352,29.4727466433250207,490.5034429250303560,-359.7456942543408900,289.7355189782593925,-482.8033482860606682,454.2136194460944694,-483.0340076971930330,841.4834459919289884,-61.2370425459854175,856.4344057542007249,57.5333002772873598,754.1283255346734222,-106.0532229667147277,329.7178090702158215,328.5455482274254564,330.9122721279752568
 -328.8554295758710282,-330.6255016848113542,-726.1144887629137656,-354.7310523877787318,-765.8932598317785505,-716.3780646564654262,-459.6832891575879785,-913.2104528537763599,-184.3050443036909769,-587.4745356898063164,-226.1610221050561620,-387.6851055295865649,-677.9144635339729348,-349.9109745696176788,-605.2459939796274284,-64.8751525020124404,-405.0017877679590015,197.3937640762797514,-104.8359654474234048,-130.9147201562094835,66.2545558891308133,-101.7494327198110824,181.0339879912983747,341.5098078838046831,31.0377038857075398,490.7316345780221809,-358.3766537505297265,290.3784794079684843,-481.3015984023929832,455.0374595897490622,-481.0027424565250271,842.4531896970263460,-59.1351721703335116,856.6740177570962942,59.4149006800110939,753.9775772930213407,-105.0759362814060154,329.9827713923384067,329.4297050367042061,330.3631775463724694
 -329.5908688433782459,-330.6423935432576400,-726.9282660059072896,-355.3599672136005552,-766.0813190017647685,-717.1708705167782227,-459.7876078439429648,-913.4697714081083859,-184.6077794721547889,-587.3222022948215226,-226.6577190613734842,-387.8087860015386923,-678.2659357120191999,-349.9391213916198922,-605.4253394869484737,-64.4982822509800116,-405.1853513549313561,197.3287181818033389,-105.1186240792566906,-130.9965440008246844,66.1309706452565678,-101.7451963942198461,180.8720385833012472,341.4949489039980222,30.7733456312135267,490.7412645017597015,-358.5597752833139680,290.3175409095817940,-481.5153694885889877,454.8395425490011803,-481.3851426940551050,842.3179838271684048,-59.5197692085984542,856.6552809236716257,59.0512438699926747,754.0046486176314602,-105.2580207501724914,330.0047584990061296,329.2548232934013299,330.5388535146454956
 -329.5913991815066311,-330.4291342576484567,-726.7974425932941358,-355.0812701295794227,-766.0662414179502093,-716.8752347125796405,-459.7877024289115298,-913.2558034295166181,-184.5143907574390596,-587.1955437236858870,-226.5065239258758822,-387.7765195865396208,-678.1660054160679465,-349.7819204670524869,-605.2366820112598589,-64.3766816747639439,-404.9328077902530936,197.3987218308411968,-104.8665792478204679,-131.0134129668725507,66.3063234859380231,-101.8113960020888271,181.1566715756725046,341.4245518903602488,31.1493534620863031,490.6985617322683879,-358.3481352427089064,290.3595275228217361,-481.1872031310838906,455.1369259605774005,-480.8317005468645675,842.4147023446666935,-59.0327731421827337,856.7251409181106965,59.6059792981446890,754.1170939613436985,-104.9398646588612110,330.0150175535214316,329.4716728083678845,330.3465888760510438
 -329.3009945016897291,-330.2861012652394948,-726.5924984501326662,-354.7020527070362164,-766.0006186847547269,-716.4869026251875539,-459.8241454095046947,-912.9928086504132807,-184.4724824334741697,-587.0206616120442504,-226.3511747666415772,-387.5470461711286703,-678.0160145163969219,-349.4026228822722260,-604.9492839860706681,-64.0260308297697378,-404.4841283009428139,197.7062211456533305,-104.6622707098818097,-130.9624761285462000,66.5140247074323838,-101.8860532801593735,181.7154959323726757,341.2292398179600355,31.7821935880413200,490.6216456337693330,-357.7861261831456545,290.6815068496972003,-480.5863877087875267,455.3980918005506169,-479.9218289426322031,842.8713457939491036,-58.0748918795081295,856.8076395922499842,60.3903838712723129,753.9334743854009275,-104.4872376041565900,330.0859633214136011,329.9703568107909177,330.0669906512021612
 -329.4394611428822373,-330.3203703529557060,-726.7701867535726024,-354.7710938327707595,-766.1167630185617554,-716.5772356475954439,-459.9052524283768548,-913.0119631377825726,-184.5623783060295295,-586.9097474641441750,-226.5275570266370266,-387.5951761037428014,-678.0573498936164469,-349.3249374689467572,-604.9320320659016943,-63.8285721833148330,-404.4411576005502411,197.7652132269886920,-104.7029778079179749,-130.8315054654622429,66.5830414565965185,-101.8222933280335099,181.8411494958818082,341.2301183379717600,32.0001179163276888,490.6920906428472904,-357.6528239036247783,290.7377640487316057,-480.3365115949970914,455.4820467987458983,-479.7612673476629652,842.9016097671366197,-57.8859527070320752,856.7152303570308050,60.6640765461564868,754.0214946519707837,-104.3638929780724283,330.0900377005588666,329.9402962973337026,329.9218883381219030
 -329.5416173016295716,-330.2949361186119859,-726.8225725439688176,-354.8090755985097644,-766.1320622469612545,-716.6174510294754327,-459.9604949884146663,-913.0177771742587538,-184.5984157327138462,-587.0146822820076977,-226.5111094487773471,-387.6487616373156584,-678.0569668547412903,-349.3601096724916601,-604.9602511951342194,-63.9269830292384711,-404.4758942746638013,197.7125703900693168,-104.6790211713217502,-130.9173667063516291,66.5386714985289274,-101.8423624370837643,181.7363899445101936,341.2520430798751363,31.8431512109660915,490.6632706686696110,-357.7606512184206622,290.7259225320067912,-480.5088767067461504,455.4665941398827158,-479.8838870070899247,842.8887071681655243,-58.0474628704789666,856.7760985163999976,60.4822589419562959,753.9855883201389588,-104.5072161153251500,330.0917967845372800,329.9000593801006858,330.0186835127151994
 -329.6489965201498080,-330.3400802212552776,-726.9788186599763549,-354.7690193160356671,-766.3454853728791250,-716.5671431294711056,-460.2002983630645758,-913.0095841111158279,-184.7777280101956023,-586.9822309409481704,-226.6919627886516935,-387.6814480012814101,-678.1917495172274357,-349.2836815625367421,-604.9765465596752847,-63.7610427672836693,-404.4781704950629546,197.7332526433953603,-104.7530029017391655,-130.8972783982042074,66.5061715874636405,-101.8271364809762929,181.7500946057240014,341.2474112461117102,31.9182369563959369,490.6543661845485076,-357.7312020577614931,290.7961326403723206,-480.4408748944887293,455.6218372987129897,-479.7128878950535977,843.0019783123727848,-57.8796403914995921,856.7954270139854316,60.6337561904499580,754.0230226557378046,-104.4274226417910825,330.1413007668209616,329.9511166699502951,329.9594838082260821
 -329.8636582900493863,-330.2247419224105442,-727.2309262294775181,-354.4350684654118595,-766.8103689057802512,-716.1746020980227740,-460.7710998601870074,-912.8324987478245021,-185.2086475941437129,-587.0827729475270189,-226.9711580132630786,-387.5917267998402167,-678.4781466461497530,-349.0027984087766981,-605.1779601869013732,-63.6670606827329664,-404.5389120205285849,197.9067218957024465,-104.9622694059798107,-130.8987704054005974,66.2858105604239967,-101.9217481263505363,181.7416671681419018,341.0688946863330102,31.9885478562659813,490.5902161338732412,-357.7321461713221993,291.0335896022723432,-480.3678597472668343,455.9177197070313241,-479.4060575349459441,843.3191378969388552,-57.5585437319243951,856.8910772290172417,60.8517699184766059,754.0013705242650985,-104.3847462141172429,330.2323411196372831,330.0527531773105920,329.8813195651615615
 -329.9047183771666027,-330.1622544770488048,-727.2865976647262869,-354.0500681078925140,-767.1523561914535776,-715.7577941599274709,-461.2232208652194458,-912.6658674162877105,-185.4681553127350924,-587.0523881385811364,-227.1264326121051056,-387.4937850971701323,-678.6789773672614956,-348.8177115316431127,-605.4149895216484083,-63.6266989974661996,-404.6311880756986170,198.0178166444690078,-105.1350937488067956,-130.8321716961780794,66.0466884662956772,-102.0020155820492107,181.7568713311675310,340.9880932500631729,32.0949411248010819,490.5843591218311417,-357.7478868196955659,291.1659689252794010,-480.2943084205485889,456.0912658509447510,-479.2118388825038551,843.4772890540572234,-57.3942991601945280,856.9135904937284067,61.0365682210181575,754.0152761423460106,-104.3530989920300129,330.2899004716304034,330.0344029115803437,329.8111504608645532
 -329.7336936221773271,-330.2740961401182176,-727.2116891820199953,-353.9747263553534822,-767.2080794919306754,-715.6946399631251552,-461.2719266442095432,-912.6457204610060217,-185.4547814347670283,-587.0225900897380598,-227.1631105165556619,-387.4688849626173806,-678.6879719055427813,-348.7690199196096614,-605.3375875672406892,-63.4887303412636328,-404.6080470982831798,198.0538089670382362,-105.1296716402469684,-130.7966760187943009,66.0985566843948931,-101.9075043943017960,181.7660173953907190,341.0462398003347175,32.0544372806885534,490.6264123103622978,-357.7510625448086898,291.1464299210189210,-480.3216744153328932,456.0602513250083234,-479.2618898177046844,843.4435340612302525,-57.4390223437505654,856.9241210279436700,60.9735523474373622,754.0327126538162474,-104.3690957442617844,330.2958289683480189,330.0569496766722182,329.8297516512464540
 -329.7666783536448065,-330.1185285236762184,-727.2054394837659856,-353.5147452283740108,-767.5092324717760448,-715.1917546550854468,-461.7291365464198520,-912.4446824216555569,-185.6480989454785231,-587.1060959604246818,-227.1688540002723755,-387.4029993202933042,-678.7082553299719621,-348.4694683881780293,-605.2685587555843085,-63.3686989300706642,-404.5171614673521390,198.1918806416088046,-105.0462284072560664,-130.7030798312313209,66.1952007896051668,-101.7864319985485793,181.7946727971800271,341.2209123821078833,32.0395991205070203,490.7429338553464504,-357.7349731462859381,291.1831908799005646,-480.3304945440435176,456.0848815203216304,-479.3458354358959923,843.4764416195945387,-57.5248826608607615,857.0079294237639260,60.9266395742947822,754.1044223574181160,-104.4189595369126522,330.3516446613687094,329.9877583867462363,329.9165079244547201
 -329.7283226038231874,-330.1935873044026835,-727.2213917672114576,-353.5913707373320563,-767.4831604289478264,-715.2682828853141928,-461.6833373170498476,-912.4852815798662959,-185.6593398770410772,-587.0665147912202428,-227.2237654471297219,-387.4018390299244743,-678.7342084130954163,-348.4888696765722784,-605.2897172064042479,-63.3411373455557509,-404.5333581854222871,198.2112280279195886,-105.0954760558637560,-130.6666460860947439,66.1806266148099098,-101.7877707448107003,181.8206471659159433,341.1883430836427351,32.0618916970713030,490.7681666173936605,-357.7152295766384213,291.2006416594998086,-480.2972446890650531,456.0382363979393858,-479.3574114867452067,843.4726589667659482,-57.5146752812234396,857.0047778686678157,60.9212506875624200,754.1289790162344389,-104.4011716838956545,330.3650877152231260,329.9772785078074548,329.9136163563022706
 -329.7684465255593409,-330.1527399479806490,-727.2460208882488359,-353.5271488189444540,-767.5381457348811409,-715.2060524540144115,-461.7566616664676076,-912.4453519842460310,-185.6952753001102963,-587.0509032425740088,-227.2386351627593513,-387.3919525088437013,-678.7564314936271330,-348.4499932079397695,-605.2844248262206293,-63.2962202426658749,-404.5192199064372858,198.2290182546163919,-105.0905617263668006,-130.6717924693323880,66.1686314381358471,-101.7763510277276424,181.8277778240235136,341.1749175753354848,32.0560048825108694,490.7700215743262220,-357.7140852103479460,291.2299018775324271,-480.3003252685766142,456.0467324206659896,-479.3552971975730657,843.4883343891758614,-57.5343820757323101,857.0382802976022276,60.9223644644380897,754.1347187573237534,-104.4178014342762282,330.3891247970375957,329.9865138842416741,329.9742545027242500
 -329.7961906605361833,-330.1249997045946998,-727.2719663902740876,-353.4825243883771577,-767.5740702173086447,-715.1692225439423964,-461.8099673623886474,-912.4066376703107153,-185.7327134101635977,-587.0484756055313937,-227.2656235670822866,-387.3679831666918290,-678.7809864458643005,-348.3986918060694506,-605.3013518316530508,-63.2703549188145260,-404.5165970438592922,198.2613700876616463,-105.1067069890956702,-130.6595679758650590,66.1656922606274094,-101.7817664775910202,181.8188546590545798,341.1985343891428215,32.0554037817297299,490.7734051175525565,-357.7176986369539691,291.2142268938101779,-480.2943542598554814,456.0707759373632371,-479.3629841724753078,843.4802045867124889,-57.5416585654272481,857.0432493887699366,60.9253167884765929,754.1918940250970991,-104.3832780835704028,330.4069266271010861,329.9650019363102729,329.9601624291079816
 -329.7857234920852534,-330.1404548096115832,-727.2769042481581891,-353.4886889491102124,-767.5845388743319972,-715.1603860943565678,-461.8118905481790648,-912.4134957332593103,-185.7417993282606119,-587.0334326955418192,-227.2794793259913604,-387.3666118155367712,-678.7874121185853937,-348.4033252553256830,-605.3057246204222110,-63.2581127290864984,-404.5281629250892479,198.2639346271569707,-105.1218152106306576,-130.6478214993431095,66.1548739730056639,-101.7698048761601370,181.8243724188442911,341.1895646558937756,32.0584369649071377,490.7885446931137494,-357.7190625710467202,291.2325797794882192,-480.2942502092976724,456.0589550579948650,-479.3602338463789465,843.4944035280312846,-57.5285327859301177,857.0430263390650225,60.9234744488977924,754.1652003755101532,-104.4034509552703582,330.3999633971973822,329.9764336781159955,329.9620573284197462
 -329.8507349325698783,-330.0801482874501858,-727.3300235840365531,-353.3853386998557653,-767.6706829012792923,-715.0766911569912736,-461.9332604661674395,-912.3486096760790360,-185.8245543126224106,-587.0174046007821289,-227.3380091998681394,-387.3217725760821395,-678.8539789947582221,-348.3216664813592729,-605.3564991141682867,-63.2118336352997190,-404.5503597819616175,198.3162682138418518,-105.1611299098733383,-130.6409417447198109,66.1038062417463834,-101.7728538348548852,181.7965168350926035,341.1969543246042349,32.0448049148351686,490.7817606943791020,-357.7479536291627937,291.2635524019831905,-480.3196372061136685,456.1277447424425873,-479.3402716523991103,843.5446213940005009,-57.5042549361910034,857.0548241337746731,60.9436517521970558,754.1755345369351744,-104.4214636125829969,330.4191378437918729,329.9435473858331420,329.9398694248280890
 -329.9587195740828065,-330.0074248659761906,-727.5094424495158592,-353.1182025618495004,-768.0214027744262921,-714.7361106489441909,-462.3156240897940279,-912.1779839971761703,-186.1073838915436340,-586.9060389516653231,-227.5685240386788450,-387.2153463519168213,-679.0866251153064468,-348.1234044517194093,-605.5183530878184683,-63.0057054980654740,-404.6620558353232582,198.4578856153418371,-105.3555123362737049,-130.5452190956247591,65.9237565951543445,-101.7207540472537914,181.7343176936556688,341.2026793980605248,32.0293091294143863,490.8420001819977188,-357.8244613033164114,291.4162098648178585,-480.3536160173543408,456.2918573525369652,-479.2582478829609727,843.7298509502260231,-57.4236936146964325,857.1248069673027885,60.9877593236280049,754.1843007671062651,-104.4851460860553800,330.4882878401973585,329.9249543867852594,329.9312991381678444
 -329.9514414929763575,-330.0275404538432440,-727.5006582913197235,-353.0743191189135928,-768.0435840583522804,-714.7476897877305646,-462.3806024454557928,-912.1710281567135326,-186.1365334617911742,-586.9375138152571481,-227.5981474644728735,-387.1992290042477407,-679.1016513334153615,-348.0815065351222302,-605.5303767495611282,-63.0105529160771880,-404.6573742483053593,198.4873057223392721,-105.3630428444731990,-130.5263086682723781,65.9081807515238864,-101.7188141367983860,181.7409791801804317,341.2078290452757301,32.0310466813625894,490.8568831165632673,-357.8198363553426020,291.4361822567533977,-480.3438767075896294,456.3099096531269083,-479.2587687722371470,843.7368477132969247,-57.4247651735433351,857.1494796759209294,60.9886510444837455,754.2218461294238523,-104.4621291577958289,330.5181567645389578,329.9308689174635560,329.9609646447146929
 -329.9446767781612380,-330.0293130595286470,-727.4908389272470686,-353.0545885333956448,-768.0762250841909236,-714.6899844400439861,-462.4180606884403915,-912.1825561414759704,-186.1459805782182286,-586.9922025296131096,-227.5730647649662615,-387.2287798193747221,-679.0826872760439983,-348.0840028135629041,-605.5170051780944505,-63.0434974700665407,-404.6417868554941606,198.4733913803983114,-105.3369519156901930,-130.5223889829745474,65.9400295185651544,-101.7133379815532379,181.7580121695163768,341.2154401984061565,32.0444095513840708,490.8670041005489111,-357.7954941210172137,291.4556150238512942,-480.3151099376663637,456.3211331029382904,-479.2683963954906972,843.7488046370403936,-57.4483664413829089,857.1864526249214578,60.9903109439306590,754.2803197764754941,-104.4392537326247634,330.5583376039250538,329.9285362871231087,330.0166808331265429
 -329.9165699765339923,-330.0530162238189291,-727.4846091732240438,-353.0069984809990729,-768.1127409935394326,-714.6475535607510210,-462.4741263723840916,-912.1686404038084675,-186.1775781230934115,-586.9853184153142820,-227.6050353462174485,-387.2163231188003465,-679.1038208365926039,-348.0475476281864076,-605.5179906158181211,-63.0055925824896192,-404.6413656697347392,198.5015138420797314,-105.3470067987335881,-130.5003537535508542,65.9335816299943644,-101.6936537455878380,181.7566830012159187,341.2257722150300197,32.0399361800176337,490.8821105528447220,-357.8009895408632133,291.4699011772328276,-480.3199114432002830,456.3359339589907222,-479.2587248911233928,843.7662992074364183,-57.4245571342412262,857.1835278327653214,60.9904443716461628,754.2740145868984882,-104.4571820321687596,330.5596120149711510,329.9305305600480551,329.9988069034420732
 -329.9095080424173148,-330.0263382686209184,-727.4804560688528454,-352.8958847634283984,-768.1983648065535135,-714.5200646648431757,-462.5849998855291005,-912.1161030303779853,-186.2236560023354741,-586.9987876101424717,-227.6124609537330343,-387.1989451032634975,-679.1173439801775658,-347.9853150421539567,-605.5042731335985309,-62.9722979315929550,-404.6311717128615442,198.5296903096323149,-105.3422401427647088,-130.4819967663091234,65.9461263144886090,-101.6634443988356082,181.7571081410002591,341.2713208407988645,32.0497840474664173,490.8989637427202979,-357.7980005855332024,291.4817386678638513,-480.3212460815156533,456.3730467104984996,-479.2324557948333563,843.7932243322627528,-57.4103848574423310,857.1884836705864927,61.0176333246168312,754.2583655136500056,-104.4691787895523021,330.5601075399018214,329.9080532712746390,329.9672687960117514
 -329.9204543018605023,-330.0180790144627849,-727.4860903456624328,-352.8855728534574041,-768.2120955819502797,-714.5062423062802281,-462.6012384045935733,-912.1108147552912442,-186.2349596980295701,-587.0104193432459851,-227.6164319483660563,-387.1969911094525401,-679.1208853653840833,-347.9726641935018279,-605.5090398524582724,-62.9726846715922406,-404.6236169201146140,198.5381941605281497,-105.3414068614349191,-130.4783610325448819,65.9432278260384663,-101.6680039387626096,181.7712403529361893,341.2543182915857187,32.0530909435734870,490.9046730767788631,-357.7907670699003120,291.4963543208043575,-480.3110337094394140,456.3697228210726848,-479.2355610745169088,843.8032122731291338,-57.3986063329517577,857.2019050134447298,61.0112945699506710,754.2801749823768205,-104.4629094893578412,330.5750528780038167,329.9275199856908216,329.9930371125556121
 -329.9204868801195403,-330.0270574184653469,-727.4945101639259519,-352.8947572673834543,-768.2074240772769826,-714.5213155882919409,-462.5994752614939785,-912.1153974253481920,-186.2391653158826159,-586.9963891147987169,-227.6277380213828110,-387.1930443981857479,-679.1270902400405021,-347.9713832805594507,-605.5150474270061522,-62.9650018974232353,-404.6225880910946557,198.5413087618678389,-105.3514043385667236,-130.4756153069115783,65.9357710014116378,-101.6772243106426856,181.7804929211794445,341.2425577418929947,32.0665587352562227,490.9028520729023057,-357.7820667745550622,291.4960351508976828,-480.2961646320725890,456.3628495040909456,-479.2318768072893249,843.7958449308204081,-57.4062934983185542,857.2122674615892493,61.0246707687911041,754.2971693233312180,-104.4393976103354191,330.5834592584146776,329.9297919125596081,330.0083855488480253
 -329.9314232616555387,-330.0120540082079970,-727.4993436069577228,-352.8721011421562821,-768.2272841376144470,-714.4910735121981133,-462.6209747004061228,-912.1002513556981057,-186.2531186960823106,-586.9930966983040435,-227.6330932291766374,-387.1906179619558657,-679.1345630960597646,-347.9571854066404057,-605.5078131482899835,-62.9462295031220904,-404.6160746892585962,198.5456213342704359,-105.3493725088773232,-130.4817053973741849,65.9414684182770969,-101.6749884456810236,181.7857475020193760,341.2391992923432440,32.0674436273100198,490.9028434294755812,-357.7791945737039896,291.5043363436411710,-480.2935783622365307,456.3702884216741040,-479.2202639328225473,843.8073439931300754,-57.3866708376700956,857.2100777684185005,61.0285968348400587,754.2901670842632029,-104.4476954743873733,330.5835447479523737,329.9328029278486838,329.9980165267806456
 -329.9615229809344896,-329.9817100065930617,-727.5515417480121414,-352.7595941834224504,-768.3317747580507557,-714.3802834565019566,-462.7636576520065432,-912.0289917014252978,-186.3409600933787544,-586.9525201848501865,-227.6979222339354294,-387.1487804135845749,-679.1889468474131490,-347.8447779056720037,-605.5091790129706624,-62.8330935490299112,-404.5809856340362103,198.6157388047953702,-105.3652413715583549,-130.4628096717638925,65.9348950225898278,-101.6786361807869525,181.8322824816398793,341.2258729945328355,32.1255284218728150,490.9005438633107019,-357.7427535973774866,291.5267994526970483,-480.2386390923367685,456.4043199201008179,-479.1405040709311152,843.8421181480284758,-57.3086719972540308,857.2142535714302767,61.1134996609938526,754.2864440480685744,-104.4073571661272268,330.5868068634363794,329.9527590119424190,329.9577216445193244
 -329.9613073397276253,-329.9811176193359756,-727.5487878247695335,-352.7489389121477075,-768.3462667268887571,-714.3623549024561044,-462.7783417307637706,-912.0254632618793948,-186.3514699682773994,-586.9625382761570336,-227.7015432371529755,-387.1527144009685344,-679.1911528300470309,-347.8434950003182848,-605.5144188893127648,-62.8429581218469693,-404.5832981703163114,198.6178158701566474,-105.3735532971014948,-130.4510487134327832,65.9277262397701946,-101.6750567561392415,181.8407953857451673,341.2141030178646020,32.1335353292837596,490.9085661426933598,-357.7337829774662055,291.5446471006285378,-480.2254870626626371,456.4023974801723966,-479.1313190085061819,843.8523266273332410,-57.2972513028836303,857.2226878527191047,61.1135656966379486,754.2899923313365207,-104.3999440878702671,330.5962436325406202,329.9748689522706968,329.9735755950098905
 -329.9526981938280414,-329.9851325093184755,-727.5368248089968120,-352.7589648193638823,-768.3314884417226267,-714.3737590955876158,-462.7639683264434325,-912.0359870426322004,-186.3392276729375112,-586.9775771757273333,-227.6865518159975466,-387.1608298814825844,-679.1794588810289497,-347.8559317242587099,-605.5130757819034670,-62.8675636524144537,-404.5857084959773147,198.6051215372270633,-105.3639035708002751,-130.4626046743947256,65.9288054892189166,-101.6810936447298701,181.8289987244392307,341.2216882950062313,32.1223088079961769,490.9008983724201016,-357.7444296380775199,291.5377343728122241,-480.2395367961899524,456.4137304714781180,-479.1397106538372554,843.8481922636843819,-57.3143089444890208,857.2239700809676606,61.1071305016411301,754.2980684698814002,-104.4080400570233564,330.5993874689405061,329.9575581621115816,329.9742658501251640
 -329.9485015277398361,-329.9933709884862196,-727.5392491721444230,-352.7457893991725086,-768.3470411429686919,-714.3591716807742387,-462.7835099302334356,-912.0334120194648904,-186.3494985053283415,-586.9743236762619745,-227.6981404847611259,-387.1562774664103017,-679.1888898877903102,-347.8482200909074322,-605.5160906261817217,-62.8537544244061479,-404.5871426673716655,198.6126834579102081,-105.3711722429149802,-130.4556632285015212,65.9293965632939489,-101.6780583237993056,181.8363066595697433,341.2209487793145399,32.1292876220937345,490.9081111966632420,-357.7391717980248131,291.5447212691203163,-480.2317704363363760,456.4157903584720657,-479.1294922144505790,843.8541402278829082,-57.2992925054684790,857.2245283959299513,61.1162257400244187,754.2983963698469552,-104.4028081075711611,330.6017071032256922,329.9640337795387950,329.9703433052739570
 -329.9492903525462566,-329.9893261580692183,-727.5377659750776047,-352.7445278424697221,-768.3480291084072178,-714.3579282803199249,-462.7845380691929336,-912.0327134377283755,-186.3487621985184148,-586.9816363287059175,-227.6937462732657877,-387.1606942487357514,-679.1863677003028670,-347.8478919456866265,-605.5170928107253303,-62.8612091123433387,-404.5860618998908080,198.6105693799378002,-105.3679390024279172,-130.4568603146597923,65.9284483088883775,-101.6786944182065753,181.8337465506151887,341.2203282421275503,32.1289908145739602,490.9068218252680822,-357.7404914256975417,291.5485122729037926,-480.2335625548876692,456.4183857386972818,-479.1293423482820231,843.8592173815666229,-57.3009887534124829,857.2275901419261572,61.1141347438538176,754.2944445923150170,-104.4058845290551858,330.6019194272325308,329.9656252079678325,329.9748308287626628
 -329.9494617197139519,-329.9910094008762371,-727.5362047114335837,-352.7415794480366458,-768.3505543872432781,-714.3533524715422800,-462.7891879301014910,-912.0334200784100176,-186.3500831202842960,-586.9865283100401712,-227.6925809282089688,-387.1588297094074846,-679.1855200055483692,-347.8494590804496625,-605.5172949757705965,-62.8664176635418457,-404.5871720380625334,198.6097261596862324,-105.3678581884157524,-130.4574901836906236,65.9275935954220529,-101.6785587281153624,181.8314429828151901,341.2230545797436321,32.1273936142550767,490.9058968993847998,-357.7403982841351535,291.5475471090426254,-480.2335628009052471,456.4241244612949799,-479.1287507552059424,843.8607991259285654,-57.2992100368669028,857.2275902581247919,61.1164372879428797,754.2995407417571414,-104.4047914021596171,330.6043251442670794,329.9624696565509225,329.9727446415534473
 -329.9383289663901451,-330.0005756066474305,-727.5312267811857510,-352.7330475283966962,-768.3616616859138730,-714.3436357073449017,-462.8027315396032577,-912.0353794811072703,-186.3566072174934902,-586.9936589397848365,-227.6976634715889247,-387.1632499462851342,-679.1896399417561270,-347.8472170509162993,-605.5204410597752940,-62.8686586523555206,-404.5902100976159090,198.6094244871042633,-105.3719591614311071,-130.4522239633510310,65.9247110870500705,-101.6753537357500079,181.8303894843762123,341.2247219271793028,32.1302186600650117,490.9104071576043111,-357.7419644747276948,291.5556491516279038,-480.2338096057471830,456.4329170161809657,-479.1226501566561069,843.8702222760103950,-57.2931813393712943,857.2312299943051812,61.1201680249657073,754.3001260998084945,-104.4055402514338908,330.6078239378283570,329.9637333234330754,329.9725002548238990
 -329.9442483161823247,-329.9957048807341948,-727.5343172092897248,-352.7316408769850682,-768.3621534821783143,-714.3418253417648884,-462.8045661433065447,-912.0323809221386000,-186.3573481509678516,-586.9949364531832998,-227.6961252654763825,-387.1608573670629880,-679.1891090908064825,-347.8451397345349960,-605.5213759452757358,-62.8694689879047601,-404.5893850387649309,198.6114852096222307,-105.3699553598715966,-130.4540950743969745,65.9244522798991710,-101.6768812378866045,181.8304905238071285,341.2250496893989293,32.1293368002432658,490.9082190141086244,-357.7417391045359523,291.5550308080386230,-480.2342895486665952,456.4343335932385912,-479.1223503323763566,843.8703517690125864,-57.2926529251018479,857.2316022643752831,61.1209577725233260,754.3007873484284573,-104.4054908362176093,330.6083268892858200,329.9633631573130970,329.9722383046330378
 -329.9474055442329359,-329.9933081313159846,-727.5380201911349332,-352.7238902522000217,-768.3712894585692084,-714.3337153486336319,-462.8136518894816618,-912.0285948160480984,-186.3637727898554317,-586.9900502742393655,-227.7026662980776450,-387.1588825472766189,-679.1958379468718476,-347.8404959933718601,-605.5233133082020913,-62.8610567791316299,-404.5906266892912981,198.6143330104656286,-105.3751890614434501,-130.4505365738644400,65.9219070650389369,-101.6748613786662503,181.8307934244187152,341.2238007984749970,32.1321511308048571,490.9097355282927424,-357.7410469773375894,291.5581540499852053,-480.2318311153711647,456.4374600080733444,-479.1179139196941605,843.8746321168049462,-57.2893369536521604,857.2333323631884241,61.1255844914128303,754.3014329989215412,-104.4040569971197243,330.6097378302508787,329.9635601118130808,329.9711977154698843
 -329.9618460000189657,-329.9826299134066971,-727.5631327794494609,-352.6814827524837028,-768.4165199971394031,-714.2903588919845106,-462.8727451892683007,-912.0025812904576696,-186.4046465143036926,-586.9762417970622437,-227.7334831261837564,-387.1396449765140346,-679.2216587130938024,-347.7984775441654506,-605.5371596667413314,-62.8266231903354395,-404.5912376493516831,198.6425150632003067,-105.3925879823596006,-130.4409340490234968,65.9033012488091430,-101.6739633517383936,181.8367542145890354,341.2197140063754546,32.1401028439200189,490.9144307708724000,-357.7392485686892769,291.5807171937800035,-480.2234473618649986,456.4616639391780382,-479.0950747576516733,843.8994610264863923,-57.2638098058469822,857.2422049980644942,61.1426241098397725,754.3068572129659515,-104.4018305567753799,330.6219901921178348,329.9691994959903241,329.9677514346670932
 -329.9802750806832137,-329.9638987740997891,-727.5800349065324326,-352.6420216423090324,-768.4557878533503299,-714.2453275172642861,-462.9210554268142346,-911.9777071024600446,-186.4369136075687550,-586.9721254655609073,-227.7539159231222641,-387.1302008028891350,-679.2437891830160197,-347.7694587764402172,-605.5496263359514160,-62.8048567596916030,-404.5936585402925516,198.6602359843087129,-105.4045056859054057,-130.4333586492524830,65.8943375907459625,-101.6722093735147041,181.8396434833054514,341.2194678110376458,32.1490495878231570,490.9181182134493042,-357.7383624580418200,291.5976519122929744,-480.2161615310560592,456.4840651878598692,-479.0766774541876316,843.9205333841330230,-57.2478244874261080,857.2519755048972456,61.1604906680722848,754.3138420897503238,-104.3968834852630749,330.6321472149105603,329.9690049726506800,329.9654033014528522
 -329.9634469510466488,-329.9781442319896883,-727.5680813869638541,-352.6430207311486811,-768.4535338472728654,-714.2469197824509592,-462.9202213472395897,-911.9856729685851633,-186.4320238857710308,-586.9795291536665900,-227.7505391197879874,-387.1343522172826965,-679.2388834685825714,-347.7750705384847265,-605.5454252276128955,-62.8117746495262139,-404.5928617353995946,198.6560500784836449,-105.4018877797478524,-130.4291948067268265,65.8962461904963988,-101.6673400468953474,181.8386794638227286,341.2224211532230811,32.1479449059674280,490.9221004672435811,-357.7378527764520300,291.5977893109937327,-480.2170507427331358,456.4806909296085564,-479.0808186407157905,843.9209329389856293,-57.2512682814896010,857.2536811394375036,61.1562671354430307,754.3128161548485195,-104.3990139548247384,330.6318705398452380,329.9699049250295957,329.9694062117731050
 -329.9647503378291162,-329.9742789151637226,-727.5678789285323091,-352.6336887494445591,-768.4613660961300639,-714.2347992321326728,-462.9312252506975369,-911.9804391781245840,-186.4373509210989823,-586.9866414386040105,-227.7496235833335447,-387.1334169287537179,-679.2392537759287734,-347.7697078842643919,-605.5452939256231275,-62.8152822276176721,-404.5913740957542473,198.6578569197193360,-105.3999326432399499,-130.4289356322090327,65.8965208288882565,-101.6666197187540064,181.8386897561760236,341.2264864626014287,32.1477237177214548,490.9225312077495005,-357.7377383637735306,291.5990363778344090,-480.2173446592670985,456.4880178531589650,-479.0784686056777559,843.9221446731336300,-57.2499193809129068,857.2555624507214134,61.1582173216334581,754.3190878368416179,-104.3981101808597174,330.6358554705624329,329.9670521980978037,329.9680202914453275
 -329.9647138807997635,-329.9753716908143701,-727.5668290363813639,-352.6321835265766254,-768.4621005619710559,-714.2337834196562198,-462.9324362372396990,-911.9813631763021249,-186.4370859304192152,-586.9864199825933611,-227.7496746526701941,-387.1340244262845545,-679.2389211270580063,-347.7701688046407753,-605.5445993676493117,-62.8141789755260547,-404.5921366430661124,198.6576102482298438,-105.4001517302218645,-130.4289533274582880,65.8977671964786964,-101.6659158357490185,181.8394374124947035,341.2264830459292853,32.1479638333615867,490.9235838488019681,-357.7377071262372965,291.6004165794628875,-480.2177115420849987,456.4863101784426931,-479.0781833707990245,843.9236445948801020,-57.2505822881792170,857.2569733266298044,61.1583545457510169,754.3162339748769227,-104.3994548635147765,330.6357870404262940,329.9679519530756693,329.9699661790724576
 -329.962736,-329.977581,-727.566684,-352.632293,-768.462423,-714.233999,-462.932881,-911.981806,-186.437038,-586.986026,-227.750423,-387.133883,-679.239362,-347.769773,-605.544888,-62.812979,-404.591992,198.658525,-105.400373,-130.427872,65.897923,-101.665315,181.839343,341.226361,32.147899,490.924039,-357.737235,291.600615,-480.217083,456.485776,-479.079130,843.923721,-57.249650,857.256418,61.157473,754.316509,-104.399606,330.635677,329.968642,329.969827
