 8.891255,49.455630,-39.797264,-1.977532,37.609507,43.454243,26.833416,44.683416,30.254595,2.962491,32.458142,-4.278403,-49.467622,27.193375,-18.380997,-16.088250,-29.165854,-5.834735,42.269479,-7.592015,-40.888579,-20.779400,47.741323,47.875534,-44.127661,-12.633369,-47.132906,-44.335375,38.122162,-32.305604,18.177436,0.224365,19.304874,-19.299382,15.038692,-48.699353,47.312813,47.089950,-30.135855,-2.269362,28.138670,32.384129,-36.030274,-5.885760,-42.424707,-42.380748,-16.719619,8.038220,45.400634,12.044613,21.254220,-48.155575,-13.135923,-16.970656
 26.319738,60.004138,3.421893,24.959725,41.107437,9.939413,0.851361,51.713052,43.639886,42.329272,14.499297,1.323989,34.192649,5.766915,31.938178,30.841513,37.174531,8.754150,4.347343,39.263131,-8.434896,31.557799,41.525326,11.540246,15.905569,26.131091,9.721835,71.939136,-4.443106,52.261728,58.148791,28.908206,32.702110,9.062606,24.861737,32.255439,25.250251,55.810798,14.796365,75.127893,2.627412,1.186644,22.513548,82.411398,-0.096535,3.845005,16.847228,43.289394,-8.562448,53.532370,53.498007,35.082519,28.100679,39.139810
 31.214840,61.211901,-0.957564,38.903100,13.429975,-0.498998,-1.988583,51.008425,57.875788,13.324728,7.894301,17.373897,26.494530,15.838021,49.031467,3.954727,30.313711,17.338819,-0.903873,54.603421,-12.192236,46.861712,33.940266,23.243757,35.916356,-8.441008,10.744354,70.484988,-11.349651,61.752966,57.228671,27.151513,23.848498,3.969237,41.371361,-1.913337,13.412227,55.810798,14.796365,72.610606,-4.989387,16.033380,25.174393,78.113777,-7.313841,18.935915,51.731589,-15.679729,-15.155087,63.708386,60.109265,21.517756,26.572522,50.965678
 31.149806,61.225255,-0.893416,38.067840,16.479266,-1.942332,-1.939797,51.092023,58.211207,14.597720,8.216084,16.488888,26.824901,15.023656,50.108137,3.950721,30.632626,16.580878,-1.016376,53.643611,-12.167353,45.915747,34.009805,22.501619,37.785078,-8.746204,10.742796,70.554892,-11.142988,61.218577,57.395752,27.216330,24.773986,3.659591,42.349416,-2.137994,14.006326,50.017048,15.295614,72.721225,-4.680480,15.095104,25.163251,78.304016,-7.021037,17.975070,54.364292,-14.874066,-14.957960,63.122888,60.164195,22.380407,26.419828,50.392159
 30.987477,60.583058,0.616519,27.776722,25.478307,12.301264,38.456191,55.296187,46.127856,35.333343,13.272899,7.257794,32.324008,6.148428,76.828967,-3.683223,35.603123,8.544781,-2.214731,42.338357,-13.570586,33.764776,36.828467,13.570531,80.492123,-30.687609,23.560350,75.126430,-10.112899,54.662904,57.378101,29.091292,23.293935,11.912398,71.112070,-24.980184,14.110468,60.673858,21.908242,77.916892,0.438759,4.393458,26.732589,86.922821,-2.054092,6.827393,106.511687,-34.358929,-14.198085,56.091738,60.409206,25.048288,22.886315,40.576811
 32.599733,61.169653,0.103229,26.168564,34.889901,1.034197,37.563661,55.530826,44.400320,38.512772,12.834985,4.561000,32.412930,6.329805,59.236535,9.662988,35.484732,9.046907,-2.865012,40.214733,-13.927364,31.690119,37.691503,13.344616,55.700854,-9.072723,24.298006,75.594238,-10.789493,53.677952,56.498346,30.091131,28.364519,7.256480,53.005381,-3.169785,12.095652,59.887706,22.532617,78.161686,0.739041,2.444990,28.468253,86.692985,-1.920702,4.800228,72.128085,-4.921030,-14.867982,55.054314,57.095894,29.545242,21.905413,39.451008
 29.563705,58.098334,-3.100518,35.419031,-0.268274,47.931674,-0.644491,55.530826,55.793819,16.970755,8.374702,13.546007,26.687259,17.349348,37.326154,42.396693,30.108806,19.567712,-0.271693,50.515062,-13.382121,42.431473,33.005284,22.563247,17.635510,44.187560,14.446747,69.544967,-12.493903,57.936308,56.491152,30.543051,12.282197,35.334298,25.742863,44.558823,0.858104,77.682636,19.033971,72.673138,-4.341832,12.038262,30.874509,73.609569,-7.127878,14.862513,26.920497,58.503286,-17.036242,59.103908,55.960631,33.840141,24.062774,52.004264
 28.668736,57.791879,-2.701050,35.652844,14.132716,31.355390,-0.322159,51.592253,55.803997,16.310853,8.750124,13.766604,26.999537,17.508769,38.533003,42.659302,30.466714,19.699690,0.663750,50.813412,-12.837323,42.776067,33.350787,22.651026,19.595088,45.369598,14.227262,69.568832,-11.866132,57.929485,56.727690,30.292686,22.284317,26.740546,26.906398,45.052281,2.089699,78.772952,18.875054,72.785895,-4.074088,12.336613,30.326622,73.837358,-6.849050,15.200118,29.770751,59.623087,-16.432146,59.081356,56.418025,33.101914,24.630164,52.100000
 30.180308,60.034938,2.109943,28.922851,51.196060,-9.915003,0.003644,51.695742,45.610681,37.934266,13.772420,7.861468,32.283152,7.782797,59.373771,8.682828,35.645905,10.223788,1.160788,43.948420,-10.475683,35.438895,38.260630,14.167150,53.939004,-9.761169,12.800776,71.158099,-7.966836,54.265581,58.320603,28.719158,40.758037,-3.158012,52.536250,-3.604936,12.551336,60.090356,17.272988,74.010965,0.704518,5.444637,27.274226,78.655599,-1.858816,8.069331,70.778025,-6.957585,-12.276966,55.468526,58.360302,28.625772,26.652719,43.966102
 26.257346,59.947907,4.287559,26.437036,37.249078,2.656077,0.991376,51.648083,45.629551,37.315341,15.915675,4.809099,34.687795,4.942142,61.542396,8.835746,37.937204,7.479390,4.308474,41.308363,-8.142178,33.270802,40.463288,11.666430,58.363220,-10.154685,9.797024,71.952559,-4.311406,52.923823,59.421745,27.796011,30.050389,5.973933,55.654018,-4.293315,25.584703,56.098354,14.839998,75.149675,2.877662,2.995021,22.621973,82.410446,0.358951,5.658783,74.726574,-5.384792,-8.454197,54.202354,58.301152,28.593842,29.036521,40.283339
 26.467373,60.019188,3.908425,27.086433,35.190797,2.051584,0.783329,51.674086,45.698170,37.298307,15.333787,5.410959,34.130153,5.463331,60.969938,8.628856,37.404685,7.957189,3.880537,41.931029,-8.491474,34.001630,39.994128,12.082949,57.201218,-10.233331,9.731330,71.894332,-4.788480,53.370848,59.271138,27.787605,29.855894,6.010566,54.818641,-4.237009,25.214145,56.228328,14.819309,75.058792,2.306107,3.662540,22.808135,82.206118,-0.198118,6.343568,73.647886,-6.009959,-8.904952,54.676757,58.356329,28.377341,28.812025,40.763360
 24.129925,59.124055,5.579674,25.871398,35.943125,1.315509,1.921514,51.443127,45.590591,37.146784,17.146346,4.271141,35.785749,4.207225,62.574161,9.182561,38.994679,6.773658,6.582813,41.044204,-6.776458,32.923343,41.522987,11.016862,60.316992,-9.886962,9.743040,71.949587,-2.477191,52.397240,59.866422,27.725544,29.653729,5.966894,57.125237,-4.302332,28.115652,57.793946,14.728196,75.335275,4.014343,2.650527,20.845083,82.977411,1.529343,5.367459,76.440918,-4.275337,-6.713619,53.619207,58.310848,28.848911,30.319736,39.764004
 29.684973,58.068446,1.483814,30.872841,14.515805,29.484362,0.407634,51.606684,44.825311,39.209812,13.228993,10.412586,31.299403,10.093553,58.391288,9.895502,34.732194,12.481024,2.109101,46.585054,-11.216966,37.462001,37.371291,16.361263,52.742590,-8.069223,15.291200,69.909876,-9.429176,54.424365,57.401085,30.502673,14.451999,21.734658,51.337909,-2.344906,2.267265,75.066704,19.597561,73.171845,-0.117911,7.779633,30.792722,74.704087,-2.683190,10.490040,69.913136,-5.414985,-14.118105,55.282267,57.841467,30.252675,25.858742,47.453517
 29.545632,58.010020,1.162154,31.630977,13.117574,30.971843,0.307381,51.613521,45.195827,39.032612,12.619354,11.087883,30.722538,10.672087,57.728116,9.440796,34.197039,12.990104,1.971746,47.346222,-11.441903,38.372240,36.912426,16.792837,51.134713,-8.336040,15.164989,69.828911,-9.723971,54.908490,57.321421,30.333947,14.301324,22.580032,50.337106,-2.374259,2.326398,75.640329,19.537218,73.093154,-0.718358,8.582425,30.771866,74.542817,-3.261911,11.327678,68.342082,-6.590134,-14.392126,55.793831,58.111465,29.630901,25.753321,47.998813
 25.005552,57.423076,20.718822,67.660493,28.666913,-2.068581,3.001454,51.645866,52.002901,15.234422,43.449792,74.920610,57.203870,62.773945,73.386238,34.344408,57.864461,58.471960,9.113519,55.813299,6.281565,71.320313,55.389019,51.403712,80.704760,50.992134,14.881563,70.765979,-4.650840,53.752309,58.862313,23.739707,20.179945,3.411029,77.106757,50.263952,16.514889,70.766847,19.260971,74.168682,34.936658,84.822513,25.132494,78.190432,31.271450,84.580699,89.560638,33.061140,-9.084151,54.701073,59.979762,23.253339,28.141709,41.832172
 29.513297,57.996118,17.873733,67.846601,26.273942,-3.129253,0.587631,51.893455,51.465307,17.342408,41.571040,76.319000,55.789514,62.691311,73.636104,40.783748,56.308507,58.590781,8.811344,54.488421,3.006804,72.191797,53.724103,51.676655,82.858974,57.246809,15.410141,70.011729,-6.928237,53.269605,57.165531,27.229330,19.511244,3.313432,77.095226,55.613017,2.499193,75.995935,19.801644,73.286901,32.757612,84.806784,30.997423,74.696382,29.162545,84.462529,92.421995,43.388467,-11.139544,53.847572,58.227265,27.507449,26.113055,45.437535
 29.736102,61.077814,14.670724,67.846601,28.244060,-22.628845,-0.150361,52.405645,50.835684,12.247671,37.709950,73.526251,49.038900,58.240286,35.163590,33.910836,49.732153,54.063168,3.806795,53.463956,1.450427,67.781894,51.360562,48.300534,23.348806,46.311871,11.045947,71.779418,-8.786828,54.566638,57.057991,23.900166,16.044196,-7.781951,27.548216,39.955508,20.530684,52.530177,16.113926,74.446569,29.203568,82.807922,25.380679,80.848636,25.351361,82.683881,17.922835,29.406236,-12.743715,56.351751,55.110945,23.599134,23.389474,36.042869
 28.999867,60.895504,15.601656,65.385362,23.277687,-3.356291,-0.023011,52.253149,50.712006,12.622492,38.833550,74.123061,50.067011,58.719267,35.523097,34.827110,50.713897,54.550683,4.753695,54.358585,2.455960,68.495548,52.186204,48.669670,24.110666,47.801701,10.742463,71.732223,-7.969341,54.456914,57.245025,24.118922,16.989961,3.920178,28.083238,41.007356,21.786053,53.004181,15.820765,74.531799,30.389262,83.424074,24.742627,81.192268,26.551029,83.334915,18.033016,31.223584,-11.944953,56.177398,55.029807,23.929915,24.145754,36.705513
 15.518355,54.597363,46.512326,37.594227,4.604302,17.993651,28.273300,51.979862,49.738884,14.074147,64.453620,24.548539,85.632281,38.266358,80.349327,11.441202,85.693751,37.620874,38.634989,51.572778,31.019025,36.485050,80.829270,36.972845,101.625899,13.569841,22.307045,75.033297,26.296502,53.269605,58.017089,20.671965,15.431076,19.207346,95.739644,16.035915,47.254736,81.800264,19.288160,77.675655,58.850724,18.554106,4.703482,78.682207,55.324415,19.467651,96.190805,-3.283933,21.742266,49.295205,60.171935,14.918290,59.764715,61.510031
 19.918856,56.342778,44.237414,37.082592,4.942258,18.900830,28.169222,52.738436,48.781708,14.768569,60.744374,23.543189,83.337307,35.578073,76.893588,11.168773,83.445327,35.013282,37.165735,52.082640,28.776114,37.000632,78.907025,34.917173,96.719764,11.551651,23.679434,75.274093,24.738483,52.634527,56.516756,21.143842,13.971419,19.803701,91.543747,14.242711,43.439191,78.576001,20.634267,77.439711,54.684943,17.543388,9.004241,77.595740,51.238597,18.680362,90.643614,-3.806808,20.224572,50.849246,58.515735,15.227477,59.567083,60.453054
 25.425718,57.212177,27.278273,55.857769,2.720440,14.729240,10.630905,52.044485,50.292672,16.870942,48.511373,56.140998,65.511887,53.812306,75.325208,30.856292,65.930740,51.126461,18.445666,53.420858,12.115882,57.728660,62.741694,46.611318,88.599654,42.431244,17.887226,71.902870,4.149509,52.906764,56.998458,25.470081,14.565801,18.499872,82.949720,41.906929,18.066072,76.834652,19.384076,74.781288,41.010275,58.767829,21.532966,75.770529,37.433242,58.857940,93.171494,27.884424,-0.154497,52.675688,58.832811,23.250093,37.802492,51.842488
 29.630854,58.005075,20.222104,67.335756,5.126465,16.335657,0.961508,51.840485,50.968889,16.580560,44.362810,75.417859,58.366151,61.633657,74.815084,38.308815,58.776390,57.477430,10.886666,54.479362,5.368328,72.180098,55.789557,50.719341,85.221832,53.921231,15.691100,70.087063,-5.042376,52.631220,57.628519,26.028636,15.584196,17.878752,79.268820,53.085604,2.819169,75.861288,20.067900,73.370201,35.634688,84.021678,31.226248,74.830713,32.062316,83.762241,93.669531,39.341063,-9.208300,53.005663,58.502054,26.234594,27.572612,45.762167
 28.331150,58.234682,16.674868,43.005909,10.200301,52.373730,-9.025833,50.093812,52.624694,16.735852,35.242337,41.535256,56.259709,64.611973,80.230694,39.618876,59.226391,63.053095,3.742592,52.689728,-3.183489,48.408417,57.940833,56.659927,91.222100,60.296690,12.179068,69.250053,-9.470083,48.500610,58.057397,23.784401,18.997510,37.280880,87.295643,57.298750,-1.490592,68.356839,19.705025,73.458285,31.287918,33.992592,34.243999,79.483296,27.971675,33.346663,102.661104,43.584080,-13.709532,48.726696,61.381649,24.536498,19.720698,46.935871
 29.058073,58.057660,29.432347,40.459019,17.131050,33.064215,3.775426,51.135668,50.591339,17.496712,51.595471,33.602717,66.066399,55.152871,78.028107,31.094848,67.445320,54.032395,16.728625,51.425514,14.745971,32.964008,64.382796,50.676601,92.194015,44.279729,15.896648,70.680964,3.357009,48.994518,54.114689,28.074701,16.526571,25.266653,87.369726,42.774628,1.871001,77.869978,20.280916,74.078520,46.810046,27.331680,31.471911,75.772736,43.265490,27.051188,97.169394,28.173351,-0.204982,47.280103,59.787904,23.071989,34.767335,63.884798
 24.943819,58.037352,18.399844,66.367727,30.476210,33.617698,-8.157671,50.325017,52.890023,15.599559,45.165442,76.283204,54.162165,69.176611,78.872535,44.053278,55.193549,64.690544,3.644007,52.162143,4.692184,66.049648,52.885861,56.230619,96.719764,66.319351,9.692750,69.532345,-9.297778,49.551984,59.693658,25.444412,21.616891,24.883612,82.202827,63.162788,10.521498,62.160760,17.720148,73.782746,37.801929,86.641235,28.277189,82.168706,34.120151,85.677585,100.942042,50.245179,-13.003568,50.543989,60.948867,27.091470,19.041733,39.464115
 24.021626,59.088154,20.345690,64.027196,26.276634,33.410379,2.308711,51.741731,52.040319,14.978120,42.813322,71.344948,57.050378,59.738671,75.205832,37.731486,57.714128,55.680109,9.014852,52.030932,6.053024,67.452300,55.574053,48.750474,84.270574,54.603847,10.417711,72.006000,-3.012047,52.506959,59.696182,23.968935,19.289019,26.994219,79.118022,52.691507,28.951096,57.552817,15.466153,75.380858,34.260230,81.742707,21.497812,82.983618,30.632428,81.408543,93.903054,40.672565,-7.154990,53.845273,59.524212,24.678013,28.595497,36.496976
 19.879434,56.322111,44.134064,37.076842,21.468689,1.332257,28.022496,52.705671,49.091811,14.646328,60.771208,23.629191,83.299394,35.878431,77.135334,11.401179,83.417169,35.313463,36.995389,52.025332,28.706631,36.889465,78.885847,35.170443,96.922527,12.008422,23.559437,75.240240,24.568858,52.575501,56.577611,21.173541,15.590859,9.140286,91.706220,14.628302,43.329191,78.528588,20.527716,77.413902,54.752720,17.611688,8.909038,77.586126,51.295713,18.722295,91.020695,-3.415821,20.064431,50.804861,58.634256,15.256931,59.353971,60.542341
 19.933429,56.350840,44.286059,37.065649,17.912665,-2.721769,28.226072,52.750479,48.965719,14.589360,60.762591,23.499013,83.384714,35.478607,76.918764,11.098965,83.491737,34.911322,37.246999,52.081817,28.825581,37.016238,78.965685,34.846994,96.692428,11.397610,23.727367,75.286704,24.814577,52.648437,56.522570,21.116547,15.168326,5.816621,91.519512,14.115298,43.486506,78.585651,20.678845,77.449632,54.688403,17.500003,9.044686,77.601462,51.244507,18.644791,90.546950,-3.950615,20.298965,50.857129,58.502578,15.210848,59.653452,60.420210
 19.243004,56.112371,56.343257,52.145673,9.719406,13.102909,25.806832,52.057465,51.188111,9.040292,71.733491,36.830874,85.176465,36.361792,91.633889,-6.955762,84.032197,34.911322,46.987296,64.828157,46.826764,37.016238,76.153228,35.310871,117.185739,-13.924828,22.553459,74.889104,36.556627,69.805095,57.438985,19.981965,14.743671,16.281648,110.059823,-6.739933,42.302312,75.849796,19.835362,77.156666,71.513224,38.009769,8.309240,77.817773,68.798768,39.873908,119.697279,-39.379958,33.951657,70.443850,62.466521,9.825738,57.822904,59.763933
 20.006348,56.388664,44.460592,37.099988,4.709042,12.843670,28.493740,52.811526,48.568748,14.852466,60.718913,23.363816,83.492742,34.966074,76.526153,10.710669,83.584987,34.395795,37.556758,52.200210,28.960499,37.232343,79.053863,34.437283,96.319639,10.589931,23.939100,75.347269,25.127844,52.758818,56.414353,21.078314,13.355880,15.599294,91.229648,13.433899,43.684344,78.676218,20.868531,77.496049,54.563787,17.395836,9.215861,77.618472,51.137891,18.588504,89.836288,-4.641158,20.596675,50.938785,58.278223,15.198269,60.035240,60.293061
 18.680296,55.776697,75.831919,81.961367,7.594545,41.359562,24.880163,51.492822,47.107219,19.856685,93.218455,63.562966,84.017670,46.257421,64.078187,37.883732,80.518245,44.068692,62.687876,87.638532,74.196362,96.174546,74.712007,41.645991,77.080583,48.856999,21.346348,74.391561,53.178845,99.629561,55.302810,26.524547,13.098199,28.030950,71.453654,45.609310,40.988444,74.498919,18.698146,76.668177,98.420599,74.534086,7.229093,77.355709,96.919949,77.909726,64.740742,42.644419,53.067524,103.861962,54.509153,27.227721,55.215802,64.198133
 18.840759,55.783293,75.518745,84.526657,13.063427,30.789290,25.571126,51.624118,45.598976,24.488364,93.708938,66.226732,82.874012,49.104309,54.801139,52.944909,79.309954,47.050163,62.264057,89.523859,73.553491,98.288843,74.865398,43.822751,63.920616,69.820329,21.446088,74.410941,52.483590,101.444239,54.479924,29.062066,11.089026,21.513319,58.840902,62.918180,41.075838,75.516624,18.668735,76.655478,98.146967,77.039052,7.184653,77.128522,96.641046,80.490374,46.743283,70.403811,52.211733,105.651297,51.638741,33.230962,54.847480,66.068551
 18.613168,55.768151,74.648862,81.362905,11.759545,7.672368,24.211482,51.384056,49.566834,14.805690,91.166485,63.417843,84.604135,45.529776,78.507902,18.637268,81.287941,43.091321,61.474796,88.011178,73.113579,96.331057,73.499692,41.478796,97.260538,22.118009,21.142480,74.354424,52.760673,99.696715,56.318053,25.138527,15.323159,10.060829,90.550316,23.498865,40.821712,74.274809,18.568569,76.676437,97.208492,74.708587,7.137792,77.507757,95.629826,77.940612,93.369144,5.647800,52.646477,103.930436,58.852515,20.538959,54.580826,63.701576
 18.526790,55.765658,75.451959,79.765200,7.469018,4.817906,24.025498,51.341697,49.365253,13.950225,91.784837,61.514375,85.102223,43.763140,78.190749,17.032294,81.739568,41.354913,62.383140,86.458307,74.126037,94.706657,73.921276,39.955431,97.042041,19.805601,21.147771,74.354319,53.475114,98.350467,56.368489,23.997941,14.685978,8.646071,90.349826,21.522682,40.818314,73.646636,18.633577,76.677935,97.990691,72.763507,7.199310,77.593951,96.456544,76.012071,92.597861,3.465961,53.481421,102.605852,58.689244,19.515908,55.146797,62.521455
 19.497514,56.173110,58.002601,52.531169,12.693409,4.101251,27.371896,52.317071,45.454085,24.954997,76.735380,37.006854,85.123836,37.666992,69.608009,37.812968,83.281608,38.381549,50.017601,64.357890,49.818637,58.925696,77.497057,36.872841,86.762616,45.174266,23.105709,74.992697,37.914617,70.454453,54.998934,26.575025,13.419430,11.750439,81.603727,42.988700,42.840479,76.622387,20.234900,77.170139,74.100132,37.748567,8.660722,77.519960,71.318448,39.675144,75.947851,44.001093,35.314056,70.994674,54.288771,30.124260,59.202592,61.607645
 20.313358,56.522100,46.147149,35.087759,9.616008,2.772386,30.126351,53.080663,43.229769,32.233310,66.024817,20.912801,84.988921,32.945555,65.129946,51.785904,84.317795,35.721335,41.855858,50.408666,33.197281,36.136348,79.852059,34.305460,81.796952,61.974568,24.818518,75.530266,27.745468,52.771220,54.186119,28.501594,15.028430,10.991166,77.377629,57.113255,44.659278,78.928639,21.680382,77.594206,57.197362,14.887056,9.996697,77.523144,53.609419,16.056879,67.746211,71.529288,23.310474,50.791921,51.910576,37.496888,62.443567,60.992805
 18.508828,55.766091,75.637113,79.400272,14.348880,-1.358569,23.993563,51.332982,49.317730,13.809552,91.928303,61.075562,85.217401,43.353471,78.099911,16.671830,81.844133,40.951394,62.591541,86.100461,74.357981,94.331982,74.026358,39.613275,96.958211,19.244982,21.160052,74.356327,53.635735,98.039815,56.372120,23.747710,14.824612,8.588396,90.286392,21.063970,40.823058,73.502124,18.656439,76.679044,98.169418,72.314505,7.219365,77.612702,96.645631,75.566692,92.344179,2.938551,53.669358,102.299676,58.626362,19.323992,55.279100,62.251085
 18.514272,55.765971,75.582148,79.512341,13.784812,-1.100059,24.003566,51.335666,49.375208,13.814723,91.886728,61.211391,85.184329,43.481195,78.144015,16.785564,81.814646,41.076935,62.528841,86.209198,74.287611,94.446737,73.997392,39.718467,96.992907,19.421979,21.156619,74.355788,53.587132,98.134112,56.375968,23.821268,15.012240,7.096859,90.311115,21.206621,40.821921,73.545731,18.649775,76.678756,98.116843,72.453501,7.213493,77.607043,96.589761,75.704590,92.433962,3.103200,53.612387,102.392747,58.652255,19.378473,55.240119,62.332682
 18.514124,55.766015,75.585607,79.509000,9.743891,0.930606,24.004084,51.335670,49.380893,13.808458,91.890352,61.206132,85.186607,43.475490,78.146242,16.782102,81.816876,41.070621,62.532712,86.204105,74.291583,94.441681,74.000123,39.713743,96.994227,19.416519,21.157561,74.355970,53.589781,98.129431,56.377820,23.817562,14.955067,7.424346,90.311555,21.201542,40.822539,73.543702,18.650647,76.678821,98.120928,72.448259,7.214160,77.607164,96.593967,75.699500,92.434180,3.098028,53.615392,102.388089,58.654165,19.375417,55.242593,62.329565
 18.515124,55.765948,75.573322,79.530558,10.227375,1.404368,24.005203,51.336107,49.376052,13.822058,91.880399,61.231995,85.178824,43.499427,78.148129,16.802607,81.809647,41.094201,62.519273,86.225917,74.276935,94.464180,73.992442,39.733869,96.996880,19.448667,21.156135,74.355713,53.579804,98.148443,56.376199,23.833011,14.928776,7.523337,90.313995,21.228309,40.821810,73.552528,18.648760,76.678706,98.108914,72.474796,7.212584,77.606131,96.581343,75.725807,92.446349,3.128492,53.603792,102.406791,58.656124,19.387439,55.233709,62.346027
 18.516344,55.765935,75.568578,79.555666,16.512810,9.938338,24.010874,51.337153,49.393620,13.862962,91.880208,61.258285,85.177347,43.521605,78.159911,16.826539,81.808923,41.114527,62.512397,86.244359,74.268318,94.484893,73.999492,39.758116,97.004083,19.477610,21.156938,74.355897,53.573032,98.164154,56.380964,23.850165,15.753224,15.216702,90.320010,21.254746,40.822964,73.560712,18.648476,76.678621,98.105200,72.501104,7.212126,77.604241,96.577030,75.752160,92.457876,3.156364,53.595471,102.422243,58.663466,19.405447,55.230962,62.362568
 18.514468,55.765832,75.568815,79.522818,7.795144,4.855625,24.000920,51.335632,49.184808,13.945308,91.875823,61.207373,85.171038,43.463952,78.075129,16.772075,81.800086,41.054007,62.522720,86.216008,74.283606,94.448242,73.975426,39.708254,96.956868,19.408740,21.154524,74.355414,53.585316,98.138519,56.357557,23.833165,14.054703,11.602755,90.288575,21.201337,40.820674,73.549702,18.647769,76.678657,98.108230,72.452248,7.211843,77.607072,96.581573,75.704169,92.394795,3.099012,53.610632,102.395678,58.633989,19.390681,55.227929,62.346389
 18.523059,55.765761,75.496487,79.690831,11.007068,-12.887079,24.021530,51.340238,49.390019,13.921377,91.822497,61.422530,85.131578,43.676005,78.185439,16.959757,81.766961,41.267702,62.431773,86.380063,74.179142,94.626249,73.954677,39.885825,97.031181,19.687241,21.151587,74.354987,53.511420,98.282236,56.375748,23.944806,14.375969,-3.512616,90.341036,21.426396,40.820503,73.615401,18.639338,76.678178,98.034701,72.669167,7.204205,77.597412,96.502684,75.918709,92.549088,3.354076,53.523561,102.538638,58.682648,19.477341,55.179203,62.464026
 18.517564,55.765954,75.556724,79.582894,15.851669,-2.213797,24.013481,51.337777,49.452235,13.816780,91.872929,61.290041,85.171037,43.550549,78.186441,16.856346,81.803770,41.141313,62.498969,86.267687,74.252680,94.510181,73.994352,39.779993,97.020231,19.524024,21.156934,74.355918,53.562545,98.183899,56.387158,23.862926,15.436740,5.833002,90.329961,21.289484,40.823241,73.569720,18.647621,76.678621,98.095544,72.534169,7.211292,77.603036,96.566499,75.785158,92.490344,3.198074,53.583121,102.441677,58.677355,19.413209,55.222540,62.380650
 18.515853,55.765955,75.567613,79.545675,15.155956,14.320144,24.007065,51.336498,49.428958,13.791511,91.876740,61.252528,85.176578,43.520528,78.170022,16.822479,81.808207,41.115373,62.511279,86.240118,74.267397,94.480284,73.992817,39.750576,97.009321,19.477337,21.156011,74.355698,53.573171,98.160903,56.381121,23.840941,15.843109,16.584470,90.322119,21.250231,40.821899,73.557949,18.648173,76.678680,98.103181,72.495461,7.212051,77.605339,96.575024,75.746234,92.467433,3.153487,53.595952,102.419296,58.664583,19.392950,55.230115,62.355537
 18.514885,55.765861,75.574575,79.513449,4.804393,13.465146,24.003544,51.335880,49.097215,14.056105,91.874290,61.209241,85.172679,43.476805,78.048016,16.767196,81.801168,41.076592,62.524042,86.219912,74.284995,94.452918,73.978168,39.721962,96.949392,19.402022,21.155047,74.355536,53.584005,98.144160,56.347819,23.842438,13.904555,16.487385,90.285990,21.200259,40.820650,73.552039,18.647866,76.678624,98.105825,72.450540,7.211847,77.606265,96.579476,75.701363,92.382111,3.094848,53.608923,102.402227,58.617023,19.398663,55.233166,62.342821
 18.515685,55.765909,75.565550,79.541948,8.648983,3.570815,24.005458,51.336305,49.352397,13.839386,91.873537,61.245127,85.173197,43.511127,78.141795,16.811722,81.804179,41.105757,62.511456,86.238240,74.268675,94.476312,73.985102,39.743362,96.995026,19.464806,21.155257,74.355557,53.574211,98.159132,56.373029,23.842011,14.805273,7.926886,90.313165,21.241920,40.821276,73.557584,18.647619,76.678646,98.101372,72.488465,7.211626,77.605605,96.573536,75.739363,92.449883,3.144486,53.597338,102.417227,58.654852,19.394057,55.227846,62.355548
 18.515187,55.765937,75.571822,79.532618,8.402687,3.396305,24.005094,51.336127,49.370151,13.825785,91.879319,61.233524,85.177734,43.500056,78.146130,16.803548,81.808556,41.094363,62.518077,86.227554,74.275743,94.465636,73.991012,39.734511,96.995788,19.450431,21.155929,74.355675,53.579084,98.149762,56.375577,23.834305,14.892064,7.659682,90.313318,21.229909,40.821701,73.553218,18.648541,76.678694,98.107798,72.476558,7.212406,77.606085,96.580195,75.727611,92.445878,3.130444,53.602975,102.408010,58.655906,19.388549,55.232500,62.347742
 18.515620,55.765927,75.567794,79.541103,6.143119,5.496488,24.005999,51.336348,49.373792,13.828346,91.876180,61.244106,85.175303,43.510270,78.149274,16.812375,81.806397,41.104621,62.513318,86.236015,74.270380,94.474611,73.989045,39.743054,96.998378,19.463950,21.155691,74.355638,53.575315,98.157152,56.375764,23.840213,14.885343,7.725391,90.315236,21.240946,40.821626,73.556645,18.648033,76.678665,98.103762,72.487292,7.211953,77.605603,96.575909,75.738235,92.452471,3.143046,53.598548,102.415329,58.657588,19.393082,55.229688,62.353950
 18.515089,55.765934,75.572053,79.529894,6.905039,5.716545,24.004516,51.336025,49.358169,13.830028,91.878779,61.230815,85.177457,43.497914,78.141430,16.800425,81.808137,41.092714,62.518559,86.226142,74.276477,94.463838,73.989484,39.732298,96.993520,19.446818,21.155788,74.355647,53.579607,98.148628,56.373969,23.833337,14.890004,7.531170,90.311837,21.227023,40.821522,73.552642,18.648493,76.678696,98.107677,72.473779,7.212386,77.606242,96.580162,75.724796,92.442878,3.127315,53.603636,102.406899,58.653708,19.387398,55.232564,62.346322
 18.514807,55.765945,75.573322,79.524079,9.673765,2.010656,24.004147,51.335900,49.362862,13.825302,91.881440,61.224107,85.179684,43.491895,78.141894,16.795242,81.810232,41.086871,62.522029,86.220357,74.280257,94.457946,73.992002,39.733869,96.993059,19.438249,21.156048,74.355691,53.582190,98.143637,56.376199,23.829239,14.860733,7.523337,90.311412,21.219993,40.821650,73.550288,18.648913,76.678716,98.110780,72.466834,7.212750,77.606523,96.583415,75.717895,92.439611,3.119065,53.606644,102.402010,58.653217,19.384374,55.235002,62.341816
 18.515163,55.765945,75.572767,79.531490,9.649099,1.967086,24.005234,51.336124,49.375101,13.822988,91.879979,61.232958,85.178453,43.500193,78.147911,16.803341,81.809293,41.094881,62.518731,86.226774,74.276358,94.465032,73.992034,39.734537,96.996802,19.449840,21.156073,74.355702,53.579422,98.149172,56.376076,23.833644,14.917117,7.576597,90.313970,21.229309,40.821779,73.552882,18.648679,76.678701,98.108429,72.475813,7.212516,77.606091,96.580836,75.726825,92.446622,3.129646,53.603350,102.407495,58.656163,19.387961,55.233290,62.346753
 18.515216,55.765945,75.572329,79.532709,8.188352,27.715360,24.005384,51.336158,49.376275,13.823315,91.879761,61.234278,85.178229,43.501316,78.148608,16.804522,81.809108,41.095896,62.518222,86.227738,74.275765,94.466082,73.992022,39.735562,96.997270,19.451559,21.156069,74.355702,53.579012,98.148443,56.376282,23.834345,15.814086,23.625900,90.314286,21.230700,40.821799,73.553272,18.648641,76.678699,98.108077,72.477170,7.212480,77.606032,96.580450,75.728183,92.447607,3.131258,53.602862,102.408296,58.656626,19.388531,55.232982,62.347571
 18.515224,55.765942,75.572231,79.532737,8.731505,27.285569,24.005392,51.336162,49.374438,13.824789,91.879612,61.234317,85.178119,43.501364,78.147904,16.804436,81.808987,41.095988,62.518143,86.227895,74.275703,94.466198,73.991825,39.735646,96.996878,19.451415,21.156047,74.355698,53.578956,98.150134,56.376034,23.834553,15.774364,23.695972,90.314076,21.230696,40.821781,73.553358,18.648611,76.678696,98.107937,72.477205,7.212454,77.606015,96.580315,75.728212,92.447074,3.131183,53.602799,102.408437,58.656283,19.388780,55.232908,62.347682
 18.515207,55.765944,75.572420,79.532658,8.008462,-10.489874,24.005394,51.336159,49.377983,13.822038,91.879904,61.234129,85.178337,43.501112,78.149074,16.804523,81.809223,41.095619,62.518333,86.227562,74.275877,94.465913,73.992213,39.735419,96.997347,19.451349,21.156078,74.355704,53.579098,98.149821,56.376438,23.834191,14.421207,-2.242607,90.314339,21.230546,40.821809,73.553204,18.648651,76.678698,98.108216,72.477034,7.212487,77.606031,96.580589,75.728057,92.447515,3.131011,53.602960,102.408126,58.656757,19.388516,55.233057,62.347482
 18.516522,55.765984,75.566824,79.562519,13.589699,-1.179196,24.011483,51.337260,49.447239,13.806573,91.881001,61.264606,85.177241,43.526011,78.180600,16.835427,81.809362,41.116583,62.510781,86.247045,74.265875,94.488426,73.999470,39.759242,97.015136,19.492079,21.157656,74.356035,53.571808,98.165829,56.387382,23.848251,15.364882,6.098101,90.325986,21.263105,40.823536,73.561341,18.648966,76.678697,98.105791,72.508404,7.212470,77.604174,96.577336,75.759670,92.476022,3.168137,53.593974,102.423792,58.674233,19.401740,55.229625,62.365533
 18.515162,55.765943,75.572719,79.531526,12.085545,-0.085407,24.005216,51.336123,49.375049,13.823136,91.879945,61.232965,85.178427,43.500167,78.147838,16.803342,81.809266,41.094835,62.518694,86.226797,74.276327,94.465046,73.992022,39.734544,96.996708,19.449789,21.156051,74.355697,53.579407,98.149191,56.376046,23.833680,14.957327,7.359484,90.313920,21.229303,40.821766,73.552893,18.648662,76.678699,98.108389,72.475827,7.212504,77.606092,96.580795,75.726840,92.446468,3.129605,53.603334,102.407511,58.656114,19.388034,55.233253,62.346789
 18.515225,55.765944,75.572263,79.532761,12.070542,-0.069301,24.005397,51.336160,49.376788,13.822911,91.879647,61.234505,85.178193,43.501662,78.148760,16.804715,81.809079,41.096322,62.518104,86.227938,74.275634,94.466298,73.991963,39.735813,96.997330,19.451808,21.156053,74.355699,53.578911,98.150183,56.376248,23.834460,14.965525,7.333705,90.314348,21.230921,40.821784,73.553353,18.648619,76.678697,98.107943,72.477379,7.212462,77.606018,96.580311,75.728379,92.447682,3.131453,53.602745,102.408498,58.656555,19.388638,55.232951,62.347629
 18.515339,55.765938,75.570787,79.535018,11.797372,14.642272,24.005474,51.336201,49.374705,13.824092,91.878348,61.237279,85.177175,43.504280,78.148449,16.806808,81.808113,41.098950,62.516548,86.230408,74.273957,94.468789,73.990649,39.737839,96.997451,19.455393,21.155905,74.355673,53.577773,98.152334,56.375857,23.836121,15.454479,17.195250,90.314480,21.233832,40.821692,73.554347,18.648413,76.678687,98.106488,72.480248,7.212287,77.605911,96.578794,75.731217,92.449008,3.134870,53.601428,102.410612,58.656593,19.389793,55.231861,62.349444
 18.514841,55.765860,75.575954,79.512974,4.704557,14.891470,24.003957,51.335926,49.100562,14.058899,91.875989,61.207868,85.173821,43.474961,78.049108,16.766519,81.802309,41.074365,62.525458,86.218302,74.286434,94.451434,73.980460,39.721232,96.949516,19.399638,21.155278,74.355579,53.584929,98.142680,56.348742,23.841835,13.966752,17.160436,90.286150,21.198700,40.820862,73.551490,18.648070,76.678618,98.107423,72.449119,7.211998,77.606210,96.581100,75.700009,92.380791,3.092648,53.609950,102.400745,58.617602,19.399004,55.234243,62.342102
 18.515190,55.765943,75.572501,79.531985,7.058610,-9.419454,24.005286,51.336139,49.373864,13.824570,91.879747,61.233528,85.178262,43.500709,78.147555,16.803730,81.809107,41.095408,62.518443,86.227299,74.276051,94.465559,73.991861,39.735042,96.996661,19.450420,21.156045,74.355697,53.579200,98.149633,56.375932,23.834109,14.435757,-2.354477,90.313919,21.229868,40.821766,73.553109,18.648635,76.678697,98.108147,72.476388,7.212478,77.606058,96.580545,75.727393,92.446593,3.130245,53.603090,102.407948,58.656043,19.388383,55.233097,62.347166
 18.516602,55.765969,75.564691,79.570259,12.732500,-0.680106,24.011984,51.337427,49.453957,13.805122,91.882306,61.266964,85.176410,43.522681,78.183330,16.838788,81.808672,41.109303,62.510214,86.248149,74.265205,94.489379,74.000359,39.758079,97.015193,19.495559,21.157769,74.356056,53.571822,98.165877,56.390019,23.849456,15.379430,6.094189,90.325713,21.266028,40.823915,73.561913,18.648994,76.678691,98.106815,72.511936,7.212456,77.604040,96.578242,75.763678,92.477090,3.172042,53.593937,102.423399,58.679208,19.404059,55.227681,62.370125
 18.515201,55.765945,75.572000,79.532786,8.106693,13.884749,24.005181,51.336129,49.381485,13.816329,91.879503,61.234506,85.178092,43.501590,78.150321,16.804975,81.809009,41.096078,62.517912,86.227829,74.275421,94.466191,73.991611,39.735344,96.998047,19.452482,21.156006,74.355689,53.578861,98.150049,56.376629,23.833876,15.320159,14.003893,90.314679,21.231094,40.821744,73.553230,18.648605,76.678701,98.107858,72.477483,7.212459,77.606082,96.580209,75.728497,92.448948,3.131881,53.602704,102.408355,58.657262,19.387864,55.232730,62.347531
 18.514383,55.765871,75.574418,79.507315,4.686995,13.427520,24.000759,51.335408,49.143912,13.982168,91.874230,61.202435,85.173127,43.470379,78.062015,16.763873,81.801767,41.068937,62.524929,86.213729,74.286072,94.446363,73.975033,39.711914,96.954730,19.399886,21.154635,74.355437,53.585709,98.138476,56.351012,23.832732,13.903491,13.285196,90.288061,21.194824,40.820185,73.548764,18.647937,76.678670,98.107028,72.444586,7.212016,77.607158,96.580673,75.695534,92.389947,3.090525,53.611116,102.396553,58.622125,19.387911,55.232784,62.337460
 18.515194,55.765944,75.572217,79.532309,6.291271,29.914650,24.005205,51.336130,49.377158,13.820655,91.879548,61.233995,85.178137,43.501180,78.148744,16.804286,81.809013,41.095816,62.518140,86.227586,74.275704,94.465885,73.991635,39.735190,96.997273,19.451412,21.156008,74.355690,53.579009,98.149871,56.376192,23.834004,15.797408,23.777956,90.314076,21.230696,40.821739,73.553176,18.648608,76.678699,98.107936,72.476906,7.212460,77.606075,96.580311,75.727910,92.447694,3.131033,53.602874,102.408184,58.656540,19.388105,55.232887,62.347325
 18.515201,55.765946,75.572182,79.532511,8.999072,27.617428,24.005216,51.336129,49.383163,13.814997,91.879578,61.234481,85.178238,43.501823,78.150882,16.805031,81.809164,41.096452,62.517998,86.227752,74.275490,94.466160,73.991775,39.735458,96.998333,19.452482,21.156033,74.355694,53.578884,98.150014,56.376726,23.833749,15.817731,23.778035,90.314875,21.231064,40.821752,73.553192,18.648625,76.678702,98.107925,72.477409,7.212474,77.606075,96.580275,75.728404,92.449176,3.131784,53.602727,102.408343,58.657277,19.387751,55.232898,62.347308
 18.515223,55.765944,75.572016,79.533033,8.822243,27.401207,24.005315,51.336151,49.379782,13.818969,91.879521,61.234749,85.178084,43.501803,78.149783,16.805098,81.808997,41.096322,62.517902,86.228069,74.275405,94.466437,73.991725,39.735707,96.997786,19.452496,21.156031,74.355695,53.578809,98.150263,56.376502,23.834260,15.805331,23.761651,90.314575,21.231278,40.821768,73.553367,18.648603,76.678698,98.107832,72.477700,7.212451,77.606036,96.580185,75.728711,92.448506,3.131976,53.602633,102.408567,58.657036,19.388780,55.232756,62.347753
 18.515222,55.765944,75.572075,79.532914,8.815170,27.391448,24.005318,51.336151,49.378223,13.820665,91.879528,61.234633,85.178089,43.501716,78.149252,16.804900,81.808988,41.096290,62.517954,86.228019,74.275472,94.466374,73.991748,39.735709,96.997563,19.452222,21.156028,74.355694,53.578840,98.150234,56.376361,23.834334,15.794802,23.737528,90.314450,21.231121,40.821766,73.553358,18.648603,76.678698,98.107841,72.477558,7.212451,77.606037,96.580200,75.728564,92.448181,3.131781,53.602669,102.408540,58.656822,19.388418,55.232797,62.347709
 18.515215,55.765942,75.572189,79.532518,9.416489,-11.501201,24.005311,51.336148,49.374095,13.824242,91.879498,61.234167,85.178063,43.501301,78.147735,16.804261,81.808924,41.095980,62.518110,86.227831,74.275684,94.466108,73.991620,39.735486,96.996808,19.451299,21.156021,74.355693,53.578954,98.150091,56.375927,23.834434,14.442410,-2.435929,90.314016,21.230553,40.821753,73.553318,18.648598,76.678696,98.107859,72.477054,7.212446,77.606036,96.580241,75.728055,92.447047,3.131060,53.602804,102.408437,58.656164,19.388595,55.232869,62.347564
 18.516469,55.765990,75.567912,79.558609,14.647572,-1.708983,24.011188,51.337172,49.443845,13.807760,91.880442,61.263149,85.177685,43.527227,78.179076,16.833530,81.809725,41.119654,62.511158,86.246275,74.266331,94.487698,73.999155,39.759570,97.014878,19.489881,21.157582,74.356022,53.571903,98.165595,56.386074,23.847562,15.375829,6.023815,90.325976,21.261334,40.823343,73.560974,18.648949,76.678699,98.105378,72.506380,7.212476,77.604257,96.576986,75.757425,92.475061,3.165795,53.594114,102.423766,58.671732,19.400608,55.230598,62.363192
 18.515241,55.765943,75.572101,79.533166,7.596140,4.523853,24.005440,51.336171,49.377068,13.822916,91.879566,61.234910,85.178102,43.501977,78.148941,16.805077,81.809000,41.096583,62.517937,86.228244,74.275443,94.466623,73.991913,39.736093,96.997450,19.452350,21.156052,74.355699,53.578783,98.150437,56.376305,23.834674,14.959373,7.368800,90.314426,21.231354,40.821790,73.553478,18.648606,76.678696,98.107827,72.477806,7.212449,77.605999,96.580185,75.728809,92.447973,3.131965,53.602593,102.408744,58.656706,19.388811,55.232832,62.347907
 18.515234,55.765943,75.572130,79.533013,7.592744,4.528592,24.005407,51.336165,49.376546,13.823084,91.879567,61.234720,85.178103,43.501792,78.148718,16.804886,81.808994,41.096403,62.517989,86.228124,74.275510,94.466481,73.991864,39.735929,96.997323,19.452097,21.156046,74.355698,53.578833,98.150333,56.376240,23.834594,14.956265,7.379779,90.314342,21.231154,40.821783,73.553430,18.648606,76.678696,98.107852,72.477616,7.212450,77.606010,96.580215,75.728620,92.447781,3.131742,53.602654,102.408639,58.656610,19.388741,55.232846,62.347817
 18.515216,55.765945,75.572138,79.532763,10.780491,11.146635,24.005295,51.336143,49.381433,13.817297,91.879564,61.234666,85.178187,43.501915,78.150337,16.805101,81.809108,41.096530,62.517960,86.227945,74.275453,94.466346,73.991808,39.735688,96.998078,19.452097,21.156041,74.355696,53.578837,98.150178,56.376608,23.834057,15.315371,13.953791,90.314750,21.231154,40.821766,73.553298,18.648618,76.678700,98.107881,72.477588,7.212464,77.606047,96.580215,75.728585,92.448829,3.131896,53.602666,102.408500,58.657119,19.388107,55.232865,62.347527
 18.514390,55.765881,75.574886,79.506156,5.433388,9.556873,24.000738,51.335374,49.168039,13.959504,91.874077,61.203808,85.173863,43.473850,78.070136,16.766023,81.802668,41.073405,62.524536,86.214156,74.285427,94.447272,73.975733,39.713538,96.958680,19.402819,21.154653,74.355440,53.585206,98.139098,56.352456,23.831624,13.973193,12.511026,90.290551,21.196431,40.820122,73.548741,18.647959,76.678675,98.106712,72.445686,7.212046,77.607168,96.580289,75.696468,92.394758,3.092087,53.610533,102.397353,58.623561,19.386424,55.233418,62.336245
 18.515259,55.765942,75.571792,79.533511,10.909283,-13.398973,24.005422,51.336174,49.375511,13.823833,91.879264,61.235312,85.177858,43.502335,78.148455,16.805298,81.808756,41.096950,62.517643,86.228676,74.275143,94.467027,73.991540,39.736363,96.997264,19.452835,21.156011,74.355692,53.578582,98.150813,56.376103,23.834992,14.454008,-2.395379,90.314319,21.231769,40.821761,73.553655,18.648559,76.678694,98.107518,72.478230,7.212410,77.605986,96.579869,75.729227,92.447975,3.132468,53.602365,102.409110,58.656559,19.389024,55.232593,62.348233
 18.516410,55.765987,75.568284,79.557688,15.914205,-2.226443,24.011005,51.337140,49.444457,13.808309,91.880730,61.262039,85.177974,43.526161,78.178845,16.832618,81.809981,41.118589,62.511564,86.245371,74.266818,94.486749,73.999658,39.758879,97.014414,19.488153,21.157511,74.356007,53.572260,98.164834,56.386031,23.847041,15.413731,5.875751,90.325709,21.260081,40.823295,73.560604,18.648937,76.678696,98.105687,72.505219,7.212481,77.604326,96.577319,75.756271,92.473859,3.164173,53.594541,102.423014,58.671390,19.400394,55.230873,62.362508
 18.515286,55.765942,75.571399,79.534322,12.564314,13.772603,24.005441,51.336185,49.378727,13.820988,91.879053,61.236232,85.177683,43.503135,78.149704,16.806248,81.808624,41.097629,62.517214,86.229298,74.274645,94.467716,73.991415,39.736914,96.997911,19.454287,21.155985,74.355687,53.578274,98.151330,56.376415,23.835224,15.469530,17.210079,90.314701,21.232802,40.821754,73.553875,18.648522,76.678694,98.107235,72.479209,7.212379,77.605968,96.579555,75.730209,92.449160,3.133724,53.602006,102.409616,58.657153,19.389113,55.232310,62.348726
 18.514763,55.765856,75.576062,79.511218,4.803651,13.556747,24.003544,51.335856,49.094338,14.058857,91.875730,61.205692,85.173624,43.472861,78.046229,16.764325,81.802021,41.072328,62.525910,86.217100,74.287080,94.449902,73.979292,39.719152,96.947772,19.396797,21.155193,74.355563,53.585426,98.141631,56.347776,23.840912,13.911406,16.639941,90.284996,21.196438,40.820756,73.551015,18.648047,76.678619,98.107515,72.447001,7.211990,77.606320,96.581256,75.697900,92.378311,3.090132,53.610566,102.399682,58.616270,19.398213,55.234222,62.341172
 18.515227,55.765943,75.572111,79.532806,7.514671,4.656490,24.005351,51.336156,49.375273,13.823577,91.879480,61.234519,85.178048,43.501635,78.148228,16.804626,81.808925,41.096291,62.517996,86.228047,74.275540,94.466364,73.991679,39.735757,96.997087,19.451818,21.156026,74.355694,53.578856,98.150275,56.376067,23.834544,14.952880,7.383551,90.314190,21.230937,40.821762,73.553399,18.648595,76.678696,98.107802,72.477412,7.212442,77.606022,96.580172,75.728412,92.447494,3.131510,53.602687,102.408581,58.656388,19.388666,55.232846,62.347727
 18.515220,55.765943,75.572176,79.532690,7.515401,4.651112,24.005340,51.336153,49.375326,13.823491,91.879540,61.234360,85.178091,43.501471,78.148218,16.804502,81.808965,41.096117,62.518073,86.227912,74.275626,94.466223,73.991728,39.735625,96.997062,19.451618,21.156031,74.355695,53.578917,98.150155,56.376081,23.834450,14.953202,7.382596,90.314169,21.230772,40.821765,73.553344,18.648604,76.678697,98.107874,72.477252,7.212451,77.606030,96.580248,75.728255,92.447408,3.131322,53.602758,102.408462,58.656384,19.388598,55.232867,62.347636
 18.515223,55.765943,75.572178,79.532776,7.593075,4.528870,24.005362,51.336157,49.375819,13.823315,91.879567,61.234450,85.178091,43.501546,78.148406,16.804612,81.808989,41.096178,62.518063,86.227953,74.275606,94.466280,73.991797,39.735705,96.997062,19.451735,21.156037,74.355696,53.578903,98.150188,56.376144,23.834478,14.951848,7.395495,90.314228,21.230867,40.821772,73.553361,18.648607,76.678697,98.107885,72.477343,7.212452,77.606024,96.580256,75.728347,92.447516,3.131420,53.602739,102.408495,58.656465,19.388636,55.232873,62.347676
 18.515225,55.765943,75.572165,79.532846,7.590367,4.532640,24.005373,51.336159,49.376013,13.823247,91.879576,61.234507,85.178109,43.501580,78.148486,16.804676,81.808991,41.096194,62.518050,86.227986,74.275589,94.466318,73.991819,39.735742,96.997190,19.451815,21.156040,74.355697,53.578891,98.150212,56.376176,23.834501,14.953151,7.390630,90.314252,21.230930,40.821776,73.553374,18.648608,76.678697,98.107886,72.477404,7.212452,77.606021,96.580255,75.728410,92.447575,3.131493,53.602725,102.408518,58.656514,19.388662,55.232864,62.347716
 18.515231,55.765943,75.572109,79.532951,8.707253,27.251188,24.005379,51.336161,49.376444,13.822871,91.879527,61.234676,85.178081,43.501770,78.148669,16.804834,81.808970,41.096395,62.517974,86.228107,74.275499,94.466454,73.991790,39.735873,96.997305,19.452072,21.156037,74.355696,53.578830,98.150321,56.376208,23.834554,15.789918,23.724465,90.314323,21.231114,40.821774,73.553418,18.648602,76.678697,98.107824,72.477574,7.212447,77.606017,96.580188,75.728576,92.447785,3.131714,53.602654,102.408628,58.656580,19.388677,55.232827,62.347784
 18.515225,55.765943,75.572158,79.532810,8.705342,27.252875,24.005364,51.336158,49.375817,13.823303,91.879550,61.234495,85.178096,43.501591,78.148416,16.804648,81.808976,41.096224,62.518041,86.227990,74.275581,94.466319,73.991779,39.735737,96.997165,19.451800,21.156036,74.355696,53.578885,98.150221,56.376143,23.834501,15.785920,23.725249,90.314236,21.230916,40.821771,73.553375,18.648605,76.678697,98.107865,72.477389,7.212450,77.606023,96.580235,75.728392,92.447555,3.131481,53.602719,102.408528,58.656473,19.388647,55.232858,62.347702
 18.515232,55.765943,75.572124,79.532947,14.353013,-2.559896,24.005391,51.336162,49.376160,13.823236,91.879536,61.234667,85.178086,43.501761,78.148571,16.804812,81.808973,41.096393,62.517987,86.228108,74.275515,94.466453,73.991806,39.735888,96.997256,19.452022,21.156040,74.355697,53.578836,98.150323,56.376185,23.834583,14.956843,7.372344,90.314299,21.231096,40.821776,73.553423,18.648603,76.678696,98.107832,72.477560,7.212448,77.606013,96.580197,75.728562,92.447702,3.131679,53.602659,102.408630,58.656538,19.388719,55.232839,62.347788
 18.515377,55.765950,75.572305,79.535881,14.361537,-1.432794,24.006306,51.336305,49.394099,13.817483,91.880329,61.238535,85.178799,43.505760,78.155628,16.809195,81.809889,41.100329,62.517453,86.230084,74.274591,94.469103,73.994330,39.739706,97.000899,19.457024,21.156279,74.355744,53.578063,98.152059,56.378342,23.835943,15.108458,6.795578,90.316754,21.235119,40.822022,73.554225,18.648698,76.678692,98.107987,72.481306,7.212497,77.605768,96.580233,75.732280,92.452199,3.135853,53.601677,102.410416,58.659159,19.390254,55.233220,62.349185
 18.515204,55.765943,75.572344,79.532367,7.575672,4.555215,24.005312,51.336146,49.375396,13.823303,91.879672,61.233975,85.178199,43.501114,78.148172,16.804193,81.809064,41.095766,62.518259,86.227593,74.275831,94.465892,73.991836,39.735330,96.997000,19.451123,21.156043,74.355697,53.579059,98.149879,56.376094,23.834226,14.950436,7.398621,90.314121,21.230369,40.821770,73.553214,18.648625,76.678698,98.108034,72.476857,7.212469,77.606047,96.580417,75.727863,92.447190,3.130853,53.602924,102.408190,58.656336,19.388430,55.232988,62.347393
 18.515220,55.765943,75.572209,79.532700,7.574556,4.557494,24.005354,51.336155,49.375752,13.823311,91.879582,61.234376,85.178126,43.501491,78.148371,16.804545,81.809003,41.096134,62.518095,86.227898,74.275642,94.466221,73.991803,39.735653,96.997133,19.451641,21.156039,74.355696,53.578926,98.150142,56.376134,23.834438,14.952476,7.391390,90.314215,21.230789,40.821771,73.553338,18.648610,76.678697,98.107907,72.477265,7.212455,77.606028,96.580279,75.728268,92.447471,3.131331,53.602767,102.408451,58.656438,19.388600,55.232895,62.347625
 18.515220,55.765943,75.572217,79.532701,9.265798,2.796886,24.005355,51.336155,49.375805,13.823276,91.879598,61.234358,85.178133,43.501459,78.148388,16.804536,81.809010,41.096224,62.518108,86.227878,74.275655,94.466201,73.991817,39.735630,96.997136,19.451621,21.156041,74.355697,53.578937,98.150122,56.376146,23.834424,14.954745,7.379806,90.314215,21.230772,40.821773,73.553330,18.648612,76.678697,98.107924,72.477249,7.212457,77.606028,96.580297,75.728254,92.447469,3.131313,53.602779,102.408430,58.656455,19.388593,55.232900,62.347620
 18.515271,55.765945,75.572100,79.533543,9.035317,2.618450,24.005580,51.336191,49.379524,13.822036,91.879561,61.235653,85.178169,43.502920,78.149972,16.805820,81.809100,41.097648,62.517765,86.228700,74.275201,94.467195,73.992174,39.736873,96.998076,19.453335,21.156085,74.355706,53.578579,98.150865,56.376544,23.834957,14.938279,7.509712,90.314853,21.232124,40.821816,73.553656,18.648613,76.678696,98.107723,72.478500,7.212450,77.605958,96.580062,75.729480,92.448833,3.132788,53.602345,102.409191,58.656992,19.389025,55.232881,62.348107
 18.515222,55.765943,75.572202,79.532744,8.689237,27.232288,24.005368,51.336158,49.375335,13.823790,91.879586,61.234384,85.178115,43.501466,78.148232,16.804534,81.808990,41.096096,62.518098,86.227916,74.275647,94.466234,73.991804,39.735665,96.997061,19.451610,21.156041,74.355697,53.578927,98.150155,56.376107,23.834487,15.783855,23.721722,90.314175,21.230790,40.821775,73.553352,18.648610,76.678696,98.107909,72.477275,7.212454,77.606023,96.580282,75.728281,92.447372,3.131324,53.602767,102.408461,58.656405,19.388665,55.232888,62.347664
 18.515224,55.765943,75.572182,79.532774,8.690363,27.233740,24.005367,51.336158,49.375480,13.823651,91.879568,61.234435,85.178105,43.501524,78.148292,16.804581,81.808982,41.096158,62.518072,86.227953,74.275617,94.466275,73.991793,39.735702,96.997099,19.451691,21.156039,74.355697,53.578907,98.150188,56.376117,23.834501,15.784737,23.723689,90.314198,21.230846,40.821773,73.553364,18.648607,76.678696,98.107887,72.477326,7.212452,77.606022,96.580259,75.728331,92.447443,3.131393,53.602744,102.408494,58.656426,19.388664,55.232875,62.347683
 18.515195,55.765943,75.572408,79.532197,11.787202,0.134203,24.005285,51.336140,49.375135,13.823349,91.879721,61.233742,85.178232,43.500871,78.148033,16.803987,81.809090,41.095513,62.518348,86.227419,74.275936,94.465699,73.991846,39.735128,96.996900,19.450818,21.156042,74.355697,53.579136,98.149724,56.376068,23.834108,14.951163,7.392069,90.314052,21.230125,40.821768,73.553144,18.648631,76.678698,98.108106,72.476625,7.212475,77.606058,96.580494,75.727635,92.447002,3.130576,53.603016,102.408036,58.656280,19.388343,55.233028,62.347275
 18.515218,55.765943,75.572217,79.532675,11.785427,0.134234,24.005348,51.336154,49.375671,13.823326,91.879594,61.234323,85.178129,43.501422,78.148332,16.804499,81.809005,41.096054,62.518114,86.227858,74.275665,94.466176,73.991801,39.735598,96.997105,19.451574,21.156039,74.355696,53.578944,98.150105,56.376130,23.834412,14.953528,7.384867,90.314195,21.230735,40.821771,73.553322,18.648612,76.678697,98.107925,72.477215,7.212456,77.606030,96.580298,75.728220,92.447426,3.131273,53.602789,102.408413,58.656433,19.388582,55.232899,62.347607
 18.515220,55.765943,75.572200,79.532708,9.931649,16.419547,24.005350,51.336155,49.375717,13.823289,91.879580,61.234366,85.178119,43.501466,78.148356,16.804536,81.808996,41.096098,62.518094,86.227892,74.275642,94.466212,73.991790,39.735631,96.997121,19.451634,21.156038,74.355696,53.578929,98.150135,56.376133,23.834432,15.452240,17.190556,90.314205,21.230781,40.821771,73.553335,18.648610,76.678697,98.107907,72.477259,7.212455,77.606029,96.580280,75.728264,92.447463,3.131327,53.602770,102.408442,58.656443,19.388595,55.232887,62.347630
 18.514901,55.765868,75.576074,79.514701,4.751536,17.225938,24.004364,51.335986,49.117772,14.049435,91.876609,61.210336,85.174431,43.477570,78.055827,16.769554,81.803088,41.076847,62.525068,86.219268,74.285755,94.452923,73.982323,39.723420,96.953044,19.403513,21.155405,74.355602,53.584451,98.143520,56.350760,23.842039,14.062516,17.779616,90.288351,21.201413,40.820999,73.551785,18.648147,76.678621,98.107616,72.451535,7.212055,77.606125,96.581196,75.702411,92.385456,3.095696,53.609352,102.401632,58.620248,19.399041,55.234504,62.342669
 18.515221,55.765943,75.572187,79.532708,14.300575,-2.531403,24.005348,51.336154,49.375551,13.823403,91.879558,61.234381,85.178106,43.501491,78.148300,16.804535,81.808981,41.096134,62.518078,86.227915,74.275627,94.466232,73.991765,39.735649,96.997100,19.451645,21.156035,74.355696,53.578917,98.150157,56.376109,23.834451,14.951446,7.394575,90.314194,21.230794,40.821768,73.553345,18.648606,76.678697,98.107886,72.477272,7.212452,77.606028,96.580259,75.728275,92.447446,3.131341,53.602758,102.408465,58.656415,19.388606,55.232877,62.347639
 18.515370,55.765950,75.572326,79.535732,14.316506,-1.409996,24.006271,51.336299,49.393557,13.817620,91.880326,61.238345,85.178795,43.505570,78.155400,16.809003,81.809877,41.100141,62.517501,86.229966,74.274655,94.468961,73.994268,39.739532,97.000772,19.456778,21.156272,74.355743,53.578112,98.151956,56.378276,23.835861,15.104606,6.808777,90.316667,21.234921,40.822014,73.554177,18.648698,76.678692,98.108008,72.481119,7.212498,77.605778,96.580260,75.732094,92.452016,3.135637,53.601737,102.410311,58.659068,19.390176,55.233228,62.349098
 18.515223,55.765943,75.572170,79.532764,11.740361,0.166895,24.005356,51.336156,49.375637,13.823381,91.879554,61.234434,85.178098,43.501529,78.148342,16.804587,81.808976,41.096163,62.518060,86.227951,74.275605,94.466273,73.991767,39.735685,96.997123,19.451717,21.156036,74.355696,53.578903,98.150187,56.376124,23.834477,14.952301,7.390885,90.314209,21.230852,40.821770,73.553360,18.648606,76.678697,98.107877,72.477328,7.212451,77.606025,96.580248,75.728332,92.447492,3.131409,53.602740,102.408493,58.656444,19.388628,55.232865,62.347675
 18.515222,55.765943,75.572172,79.532759,11.741686,0.165952,24.005355,51.336156,49.375632,13.823379,91.879558,61.234424,85.178100,43.501516,78.148338,16.804578,81.808977,41.096147,62.518065,86.227943,74.275611,94.466264,73.991769,39.735675,96.997120,19.451704,21.156036,74.355696,53.578907,98.150179,56.376125,23.834471,14.952313,7.390784,90.314206,21.230841,40.821770,73.553356,18.648606,76.678697,98.107881,72.477318,7.212452,77.606026,96.580253,75.728323,92.447484,3.131397,53.602745,102.408485,58.656444,19.388625,55.232866,62.347671
 18.515225,55.765943,75.572167,79.532814,7.542789,4.607338,24.005369,51.336158,49.375883,13.823293,91.879561,61.234498,85.178104,43.501594,78.148442,16.804656,81.808985,41.096226,62.518048,86.227987,74.275587,94.466318,73.991797,39.735744,96.997178,19.451803,21.156039,74.355697,53.578888,98.150218,56.376154,23.834500,14.955045,7.378923,90.314245,21.230919,40.821774,73.553374,18.648607,76.678697,98.107875,72.477391,7.212452,77.606022,96.580244,75.728395,92.447565,3.131482,53.602722,102.408525,58.656484,19.388651,55.232866,62.347701
 18.515224,55.765943,75.572171,79.532779,7.543603,4.606164,24.005361,51.336157,49.375749,13.823341,91.879557,61.234461,85.178102,43.501563,78.148387,16.804615,81.808981,41.096200,62.518055,86.227966,74.275598,94.466293,73.991781,39.735714,96.997149,19.451753,21.156037,74.355696,53.578896,98.150201,56.376136,23.834486,14.954172,7.382136,90.314226,21.230880,40.821771,73.553366,18.648606,76.678697,98.107875,72.477354,7.212451,77.606024,96.580246,75.728357,92.447524,3.131438,53.602732,102.408508,58.656457,19.388636,55.232868,62.347682
