ID,1,2,3,4,5,6,7,8,9,10,11,12,13,14,15,16,17,18,19,20,21,22,23,24,25,26,27,28,29,30,COURSE ID,GRADE
1,2,2,3,3,1,2,2,1,1,1,1,2,3,1,2,5,3,2,2,1,1,1,1,1,3,2,1,2,1,1,1,1
2,2,2,3,3,1,2,2,1,1,1,2,3,2,1,2,1,2,2,2,1,1,1,1,1,3,2,3,2,2,3,1,1
3,2,2,2,3,2,2,2,2,4,2,2,2,2,1,2,1,2,1,2,1,1,1,1,1,2,2,1,1,2,2,1,1
4,1,1,1,3,1,2,1,2,1,2,1,2,5,1,2,1,3,1,2,1,1,1,1,2,3,2,2,1,3,2,1,1
5,2,2,1,3,2,2,1,3,1,4,3,3,2,1,2,4,2,1,1,1,1,1,2,1,2,2,2,1,2,2,1,1
6,2,2,2,3,2,2,2,2,1,1,3,3,2,1,2,3,1,1,2,1,1,1,1,1,1,2,1,2,4,4,1,2
7,1,2,2,4,2,2,2,1,1,3,1,3,1,1,2,4,2,2,2,2,1,2,1,1,3,3,3,3,4,4,1,5
8,1,1,2,3,1,1,1,2,2,3,4,3,1,1,4,3,1,2,2,1,1,1,3,1,3,2,2,1,1,1,1,2
9,2,1,3,3,2,1,1,1,1,3,2,4,2,1,2,4,1,2,2,1,1,1,1,1,3,2,2,2,4,3,1,5
10,2,1,2,3,2,2,1,3,4,2,1,2,3,1,2,3,2,2,2,1,1,2,1,1,2,2,2,2,1,2,1,0
11,1,1,1,3,2,2,2,3,2,3,3,4,2,1,3,2,1,1,1,1,1,2,1,1,2,2,2,2,1,1,1,2
12,1,1,1,4,1,1,2,4,2,3,5,5,1,1,3,2,3,3,3,1,3,1,3,2,3,1,3,3,4,3,1,0
13,1,1,1,4,2,2,2,1,1,1,3,5,4,2,2,2,3,2,2,1,1,1,1,1,2,2,2,3,4,2,1,0
14,2,1,2,5,2,2,2,1,1,1,2,2,2,1,2,3,1,2,1,1,1,2,1,1,3,2,3,3,4,2,1,1
15,3,2,2,4,1,1,2,3,4,2,3,1,2,1,4,1,2,2,2,1,1,1,1,1,2,3,2,1,4,4,1,2
16,2,2,2,3,2,2,2,1,1,2,4,4,2,1,3,1,2,2,2,2,3,2,1,1,3,2,2,3,2,2,1,2
17,1,1,2,5,2,1,2,1,1,1,2,2,4,1,2,3,2,2,2,1,1,2,1,1,3,2,3,3,4,3,1,1
18,2,2,2,3,2,2,2,1,1,1,2,2,2,1,2,1,2,2,2,2,1,2,1,1,2,2,2,2,2,2,1,2
19,1,1,2,4,2,2,2,3,1,1,2,2,5,1,2,5,5,3,2,2,1,2,1,1,3,1,3,3,3,3,1,2
20,1,2,1,3,2,2,1,2,2,2,3,3,3,1,2,4,4,2,2,1,2,1,1,1,3,2,2,3,2,3,1,3
21,1,2,2,5,1,2,1,1,4,2,3,3,3,2,2,3,4,2,2,2,1,1,1,2,3,1,2,3,4,4,1,1
22,1,2,2,5,2,2,1,1,4,2,2,2,4,1,2,3,3,2,2,1,1,1,1,1,3,1,3,3,3,3,1,1
23,2,2,2,3,1,2,1,1,1,1,1,1,4,2,2,4,3,3,3,1,1,1,1,2,3,1,2,3,3,3,1,3
24,3,2,2,2,1,1,2,5,1,1,1,4,3,1,2,1,3,2,3,1,1,2,1,1,3,2,3,3,3,3,1,1
25,2,2,2,3,2,2,2,2,1,1,3,1,3,1,2,4,1,2,2,1,1,1,1,1,2,1,3,2,4,4,1,2
26,2,2,2,3,2,2,1,1,1,2,1,4,3,1,2,4,2,2,2,1,1,1,1,1,2,1,3,2,1,2,1,3
27,2,2,2,3,2,1,1,1,1,1,4,4,4,1,2,4,2,3,2,1,1,1,1,1,3,3,3,2,2,1,1,1
28,1,2,1,3,1,2,2,1,1,1,1,1,4,1,2,3,3,2,2,1,1,2,1,1,3,1,2,1,2,1,1,1
29,3,2,2,3,2,2,1,1,4,2,2,2,4,1,2,1,2,2,2,1,1,1,1,1,3,2,3,3,5,4,1,3
30,2,2,3,4,2,2,2,1,4,2,3,3,2,1,4,1,2,2,2,1,1,1,1,1,3,2,2,2,4,3,1,5
31,2,2,2,5,1,1,1,1,1,2,1,1,5,1,2,4,2,2,2,1,1,1,2,1,2,3,3,3,5,4,1,5
32,3,2,2,3,1,2,2,1,1,2,1,2,4,1,2,3,2,2,3,1,1,1,1,1,3,3,2,3,4,3,1,3
33,2,1,2,3,2,2,2,2,1,1,2,2,2,1,2,1,2,2,2,1,1,2,1,1,2,2,2,1,2,3,1,1
34,2,1,2,3,1,2,1,1,1,1,1,2,5,1,2,3,2,1,2,1,1,1,1,1,1,3,2,2,2,3,1,2
35,1,2,1,3,2,2,1,2,1,1,3,3,3,1,2,4,2,1,1,1,1,2,1,1,2,2,3,1,4,1,1,2
36,1,2,1,4,2,2,2,3,1,1,1,2,5,1,2,3,2,2,2,1,1,2,1,1,2,1,3,1,1,1,1,1
37,2,2,3,4,1,2,1,3,1,1,1,1,2,2,4,3,1,1,3,1,1,2,2,1,2,1,2,1,4,3,1,2
38,2,2,2,3,1,1,1,2,2,3,3,3,1,1,2,3,2,2,2,1,1,1,1,1,3,2,3,3,5,4,1,1
39,2,2,2,5,2,2,2,1,1,1,3,3,1,1,2,4,3,2,2,1,1,1,2,1,2,2,2,2,4,3,1,2
40,2,1,2,3,2,2,1,1,1,2,1,3,1,1,2,4,1,2,1,1,1,1,1,1,2,2,2,3,2,1,1,1
41,1,2,1,3,2,2,2,2,1,1,2,3,1,1,2,5,1,2,2,1,1,1,1,1,3,1,2,1,2,3,1,1
42,3,2,2,3,1,2,2,2,1,2,1,4,2,1,2,2,3,2,2,1,1,2,1,1,3,2,2,3,4,3,1,1
43,2,2,2,3,2,1,2,1,4,2,4,4,2,1,3,1,2,2,1,1,1,1,1,1,2,1,3,1,2,3,1,1
44,1,2,2,3,2,2,1,1,1,1,2,3,3,1,2,1,2,2,2,1,1,2,1,1,3,1,3,3,3,2,1,4
45,2,2,3,3,2,2,1,1,1,1,1,3,2,1,2,5,2,2,2,1,1,1,2,1,3,2,2,1,4,3,1,1
46,1,2,2,3,2,2,1,4,1,1,2,3,5,1,2,4,3,2,2,1,1,1,1,1,2,2,2,1,4,3,1,3
47,2,2,2,3,2,2,1,1,1,1,1,2,3,1,2,5,2,2,2,1,1,1,1,1,2,2,3,1,4,2,1,5
48,2,2,2,3,2,2,1,1,1,2,4,3,1,1,5,4,2,2,2,1,1,2,1,1,2,1,3,2,5,3,1,3
49,1,2,2,3,2,1,1,1,1,2,3,3,3,1,2,2,1,1,2,1,1,1,1,1,3,2,3,2,2,2,1,1
50,1,2,1,4,2,2,2,2,4,1,2,3,2,1,2,4,2,2,2,1,1,1,2,1,2,2,2,1,3,2,1,2
51,2,2,2,3,2,2,1,2,2,1,1,1,2,1,2,3,2,2,2,1,1,2,1,1,2,2,2,3,3,3,1,1
52,2,1,3,3,1,1,2,1,1,1,1,2,5,1,2,1,1,2,2,1,1,2,1,1,2,3,3,1,3,3,1,4
53,2,1,2,3,1,2,2,2,1,1,1,3,4,1,2,1,3,1,1,1,1,1,1,2,2,2,2,1,4,2,1,1
54,2,1,2,3,2,1,2,2,1,1,1,1,5,1,2,1,1,2,2,1,1,2,1,1,2,2,2,2,3,2,1,5
55,2,2,2,3,2,2,2,3,4,2,1,4,2,1,4,2,2,1,1,1,1,1,1,2,3,1,3,1,5,3,1,3
56,3,2,2,3,1,2,1,4,1,2,1,1,5,3,2,1,1,2,2,1,1,1,3,3,1,3,3,3,5,4,1,3
57,2,2,2,3,2,1,2,1,1,1,1,3,5,1,2,4,4,2,3,1,1,1,1,2,3,2,3,3,5,4,1,5
58,2,2,2,3,1,1,2,1,1,1,4,2,3,1,3,3,2,3,2,1,1,1,1,1,3,2,3,1,5,4,1,4
59,3,2,2,3,2,2,1,3,1,1,1,3,5,2,2,1,3,2,2,1,1,1,1,1,3,2,2,2,5,4,1,3
60,2,2,2,3,2,1,1,1,1,1,4,4,3,1,2,3,3,2,2,1,1,1,1,1,3,3,2,2,4,3,1,5
61,2,1,2,3,2,2,2,5,2,1,6,1,3,1,2,3,1,2,2,1,1,1,1,1,1,3,3,1,2,1,1,2
62,1,2,3,3,2,1,2,2,1,2,1,3,4,1,2,3,3,1,2,1,3,2,1,1,3,2,2,2,4,4,1,5
63,2,2,2,3,2,2,2,1,4,2,2,3,2,1,2,4,3,2,2,1,1,1,1,1,2,3,3,2,5,4,1,3
64,2,2,2,4,2,2,1,2,1,1,1,3,3,1,2,1,1,1,2,1,1,1,3,1,2,2,2,1,3,3,1,5
65,2,2,3,5,2,2,2,1,1,1,2,2,2,1,2,1,1,2,2,1,3,1,2,1,3,2,3,1,4,3,1,3
66,1,2,2,3,2,2,1,3,1,1,2,4,3,1,2,4,1,1,2,1,3,2,2,1,2,1,2,1,2,2,1,2
67,2,2,2,3,2,2,1,1,1,1,3,2,5,1,2,5,2,2,2,1,1,1,1,1,3,2,2,3,5,4,2,5
68,2,2,3,3,1,1,2,3,1,2,3,4,4,2,2,2,2,2,2,1,1,2,1,1,2,2,1,2,2,3,2,1
69,2,1,2,4,1,2,2,1,1,1,2,3,5,3,2,5,1,2,2,1,1,2,1,1,2,2,3,2,4,3,3,5
70,2,1,2,4,2,2,1,1,1,1,2,2,2,1,2,3,1,1,2,1,1,1,2,1,3,2,3,1,3,2,3,5
71,1,2,2,4,2,1,1,1,1,1,4,3,1,2,4,2,2,2,2,1,1,1,1,1,2,2,3,1,5,4,3,7
72,1,1,3,4,2,2,2,1,1,3,1,3,5,1,2,4,2,2,1,1,1,1,1,1,2,3,3,3,2,2,3,6
73,1,2,2,3,2,1,1,1,1,2,1,1,2,1,2,3,2,3,3,1,1,1,1,1,2,2,3,2,3,3,3,6
74,2,2,2,4,2,2,2,1,1,2,1,3,4,1,2,4,3,1,1,2,1,1,1,2,3,2,3,1,5,3,3,6
75,1,2,2,4,2,2,2,1,1,1,2,2,3,1,2,1,2,2,2,2,1,1,2,1,3,2,3,2,3,3,3,7
76,1,2,2,4,2,1,2,1,1,3,1,5,4,1,2,2,3,3,1,1,1,1,1,1,2,2,2,2,4,1,3,7
77,2,2,1,2,2,1,2,2,1,1,5,4,3,1,4,3,2,3,2,1,1,1,3,2,2,1,2,3,2,2,4,4
78,1,2,1,2,2,2,1,2,2,2,6,5,2,1,4,2,2,2,2,2,1,2,3,1,2,2,2,2,1,1,4,7
79,2,1,2,4,1,1,2,1,1,1,1,3,4,1,2,4,2,3,3,1,1,2,1,1,3,3,2,2,2,2,4,4
80,2,2,2,4,2,2,2,1,1,1,1,3,4,1,2,4,1,2,2,1,3,1,1,1,3,3,3,2,4,4,4,3
81,2,1,2,3,1,2,1,1,2,1,1,1,2,1,2,3,1,1,1,1,3,1,1,1,2,3,1,2,4,2,5,4
82,3,2,2,3,1,2,2,1,1,2,1,2,4,1,2,3,2,2,2,1,1,1,1,1,3,3,2,3,5,4,5,3
83,2,2,2,4,1,2,1,2,1,1,3,1,3,1,2,3,2,2,3,1,1,1,1,1,3,3,2,3,4,3,5,7
84,2,2,3,3,2,2,2,3,1,1,4,4,2,1,1,2,1,2,2,1,1,1,3,1,3,2,3,3,1,2,5,7
85,3,2,3,3,1,2,1,3,1,2,4,2,5,3,2,1,1,2,2,1,1,1,3,3,3,3,3,3,5,4,5,7
86,1,2,2,5,2,2,2,2,1,1,1,1,5,1,2,1,1,1,1,1,1,1,1,1,3,2,3,3,4,3,5,4
87,2,2,2,4,2,2,2,1,4,2,3,3,2,1,4,1,2,2,2,1,1,1,1,1,3,2,3,2,5,4,5,5
88,2,2,2,3,2,1,2,2,1,1,3,4,2,1,1,1,2,2,2,1,1,1,2,1,2,2,2,2,1,1,6,6
89,1,2,2,4,2,1,1,1,1,1,4,4,1,1,3,2,2,2,2,1,1,1,1,2,3,1,2,3,5,3,6,6
90,2,2,2,3,2,2,2,1,1,1,3,5,3,1,2,2,2,2,2,1,1,2,1,1,3,1,3,3,3,2,6,6
91,2,1,2,3,2,1,1,1,2,3,3,3,1,1,4,2,2,2,2,1,1,1,1,1,2,3,2,3,4,2,6,6
92,2,2,2,5,1,1,1,1,1,2,4,1,5,1,2,3,2,2,2,1,1,1,1,1,2,3,3,2,5,4,6,6
93,1,2,2,3,2,2,2,1,1,1,3,4,4,1,3,2,3,2,2,1,1,1,1,1,3,2,3,3,2,2,6,7
94,1,2,2,1,1,2,1,1,1,2,1,2,4,1,2,3,5,2,1,1,1,1,1,1,3,3,3,2,2,2,6,4
95,2,2,2,3,2,2,1,1,1,1,3,2,5,1,2,5,2,2,3,1,1,1,1,1,3,2,2,3,5,4,6,6
96,1,2,3,5,1,1,1,1,2,3,3,4,1,1,2,1,2,2,3,1,1,1,1,1,3,2,2,1,4,3,7,5
97,1,2,2,4,2,1,1,1,2,3,2,2,3,1,4,2,2,3,2,1,1,1,1,1,3,2,3,2,2,3,7,7
98,1,2,2,4,1,2,2,1,1,3,3,3,4,1,2,3,2,2,2,1,1,1,1,1,3,2,2,1,3,3,7,6
99,1,2,2,4,2,1,2,1,4,2,2,4,2,1,2,5,2,3,2,1,1,1,1,1,3,1,2,1,4,4,7,7
100,2,2,2,3,2,2,2,1,4,2,3,4,2,1,2,1,3,2,2,1,1,1,1,1,3,2,3,2,2,2,7,7
101,1,2,2,4,2,2,2,1,2,3,4,1,2,1,3,3,2,2,2,1,1,1,1,1,2,2,2,1,3,3,7,6
102,1,2,2,4,2,2,1,2,1,3,2,3,1,1,2,4,2,2,2,1,1,1,1,1,3,3,2,1,2,3,7,7
103,1,2,2,3,2,2,1,1,1,2,3,1,1,2,4,4,2,2,2,2,1,1,1,1,3,1,2,1,3,4,7,7
104,1,2,1,4,2,2,1,5,1,2,1,3,4,1,2,1,2,3,2,1,1,1,1,1,2,2,3,2,4,4,7,7
105,1,1,2,3,2,2,2,1,2,2,4,4,1,1,3,2,2,2,2,1,1,1,1,1,2,3,2,2,1,1,7,3
106,1,2,2,4,1,1,2,1,1,1,2,2,4,1,2,4,2,3,2,1,1,2,1,2,2,1,3,1,3,3,7,7
107,1,2,2,4,2,1,2,1,1,2,2,2,1,1,2,1,3,2,2,1,1,1,3,2,2,2,2,1,4,4,7,7
108,1,1,2,4,1,1,2,1,1,3,1,3,5,1,2,4,2,2,2,1,1,1,2,1,2,3,2,1,4,2,7,6
109,2,1,1,5,2,1,2,2,2,1,1,2,1,3,1,5,3,3,2,1,1,2,1,1,2,3,1,2,3,3,7,6
110,1,2,1,3,2,1,1,1,2,2,4,4,2,3,2,5,3,2,2,1,1,1,2,2,3,2,3,1,4,4,7,7
111,2,2,2,3,2,2,2,2,4,2,4,4,2,2,1,5,2,2,2,1,1,2,1,1,2,2,2,1,2,3,8,2
112,1,1,1,5,2,1,2,1,1,2,3,3,1,1,3,2,1,2,2,2,2,1,1,1,3,1,3,3,4,3,8,2
113,2,1,3,3,1,2,2,1,3,3,1,1,2,1,2,1,1,1,1,2,3,1,2,1,3,3,3,1,4,2,8,2
114,2,1,3,3,2,2,2,1,4,2,4,4,1,1,3,2,2,2,3,2,3,2,2,1,2,2,1,1,1,2,8,1
115,2,1,2,5,1,1,2,4,1,1,1,1,1,1,2,1,2,2,2,2,2,1,1,1,2,2,1,2,1,1,8,2
116,2,1,2,5,1,2,1,1,1,1,1,1,2,1,2,2,3,3,2,2,3,1,2,2,3,2,3,2,2,2,8,1
117,2,1,2,5,2,2,2,1,1,1,1,1,5,1,2,4,3,3,3,2,1,1,1,1,3,3,3,1,2,3,8,1
118,3,1,1,3,2,1,2,1,1,2,4,4,1,1,1,3,2,2,3,2,1,2,1,1,2,3,2,1,2,3,8,1
119,1,2,2,5,2,1,1,1,4,2,1,2,3,1,4,4,1,2,2,1,1,1,3,1,3,3,2,2,3,3,8,1
120,2,1,2,4,2,1,2,1,1,2,3,3,2,3,2,5,5,2,2,1,1,1,1,2,2,2,3,1,3,3,8,2
121,2,1,1,3,1,1,1,2,2,3,3,3,2,1,3,4,1,1,1,1,1,2,2,1,3,3,3,2,2,2,8,1
122,2,1,2,3,1,1,1,1,2,1,1,1,5,3,2,4,5,3,3,1,3,1,2,1,1,1,1,1,1,1,8,0
123,1,2,2,5,2,1,2,1,1,1,3,3,2,1,2,1,2,1,2,1,2,1,2,1,3,2,2,1,4,3,8,2
124,2,1,3,3,2,2,2,3,1,1,3,2,4,1,1,1,2,2,3,2,1,1,1,1,3,3,2,1,1,1,8,1
125,1,1,2,4,1,1,1,1,1,3,2,3,2,1,4,3,4,2,2,2,1,1,2,2,3,3,2,1,3,3,9,3
126,1,1,2,5,1,1,2,1,1,3,1,1,5,1,2,3,3,2,3,2,1,1,1,2,3,2,3,1,1,3,9,2
127,1,1,1,4,1,1,1,3,2,3,4,6,2,1,4,3,4,2,3,1,1,1,2,1,3,3,3,1,2,2,9,3
128,1,1,2,4,2,2,2,1,4,3,3,2,2,1,3,4,2,1,1,2,1,1,1,1,3,2,2,1,2,2,9,1
129,1,1,2,4,2,1,1,1,4,3,3,4,2,1,4,2,2,1,1,2,1,1,1,1,3,2,2,1,2,2,9,0
130,1,1,2,3,1,1,2,1,1,1,1,1,3,1,2,4,4,2,3,2,1,1,2,2,3,2,3,2,2,3,9,3
131,1,1,2,3,1,1,2,1,1,1,1,2,3,1,2,4,4,2,2,2,1,1,1,2,3,1,3,2,2,3,9,1
132,1,1,1,5,2,1,2,1,2,2,4,3,1,1,3,2,4,1,3,2,1,1,1,2,3,2,3,1,5,3,9,4
133,1,1,1,5,2,1,2,1,1,2,1,2,3,1,2,1,2,2,3,2,1,1,2,1,3,2,3,1,5,4,9,3
134,1,1,2,5,2,2,1,1,1,1,1,1,1,1,2,3,3,1,2,2,1,1,1,1,3,3,3,2,5,3,9,3
135,1,1,2,4,2,1,2,1,2,3,1,1,2,1,4,3,2,2,2,2,1,1,1,1,2,1,2,1,2,3,9,1
136,2,1,2,3,1,1,2,1,4,2,3,3,1,1,2,1,2,3,2,1,3,1,1,1,3,3,2,1,3,2,9,2
137,1,1,2,3,1,1,1,1,2,3,3,3,3,1,3,4,2,2,2,2,1,1,3,1,3,2,2,1,2,2,9,0
138,1,1,1,5,2,1,2,1,1,1,2,2,2,1,2,1,2,2,2,1,1,1,1,1,3,1,3,1,2,4,9,2
139,1,1,2,4,1,1,1,5,2,3,3,1,1,2,4,5,2,2,3,2,3,1,2,1,3,2,3,1,1,3,9,0
140,1,1,2,4,1,2,1,2,2,3,3,3,1,1,5,4,1,1,2,2,1,2,2,1,2,3,2,1,1,2,9,0
141,2,1,2,3,1,1,2,1,1,2,1,2,2,2,2,4,3,3,2,1,1,1,1,1,2,1,2,1,3,3,9,5
142,1,1,2,4,2,2,2,1,4,2,1,1,5,1,2,1,3,2,2,2,1,2,1,1,3,2,2,1,5,3,9,5
143,1,1,1,4,2,2,2,1,1,1,3,4,4,1,2,4,2,2,2,1,1,1,1,1,3,3,2,1,4,3,9,1
144,2,1,2,4,1,1,1,5,2,3,4,4,1,1,3,3,2,2,1,1,1,1,2,1,2,1,2,1,5,3,9,4
145,1,1,1,5,2,2,2,3,1,1,3,1,5,1,2,4,3,1,1,1,1,1,2,1,3,2,3,1,5,4,9,3
